station,date,sst_c,slp_hpa,u10_ms,v10_ms
Wat Khun Samut Chin,1993-01-01,26.860504,1012.831238,-0.81883,0.329417
Wat Khun Samut Chin,1993-02-01,26.835114,1012.67688,-0.133518,1.964482
Wat Khun Samut Chin,1993-03-01,28.491608,1010.757812,0.046761,3.200713
Wat Khun Samut Chin,1993-04-01,29.767487,1009.375305,0.002074,3.309589
Wat Khun Samut Chin,1993-05-01,30.61026,1008.1203,0.111753,3.514263
Wat Khun Samut Chin,1993-06-01,30.722076,1007.272827,1.587747,2.282773
Wat Khun Samut Chin,1993-07-01,30.472076,1006.415283,2.261349,2.307688
Wat Khun Samut Chin,1993-08-01,30.019928,1008.237183,2.010496,2.15945
Wat Khun Samut Chin,1993-09-01,29.723297,1008.669373,1.11432,1.217187
Wat Khun Samut Chin,1993-10-01,29.171051,1011.514709,-1.086417,-0.663221
Wat Khun Samut Chin,1993-11-01,28.765778,1011.185303,-0.91358,-1.329479
Wat Khun Samut Chin,1993-12-01,27.389801,1013.42627,-1.296499,-2.330174
Wat Khun Samut Chin,1994-01-01,26.569489,1011.629089,-0.470622,0.801599
Wat Khun Samut Chin,1994-02-01,28.122223,1009.715637,0.090753,3.354459
Wat Khun Samut Chin,1994-03-01,28.927155,1011.138123,-0.392959,2.119946
Wat Khun Samut Chin,1994-04-01,30.464996,1008.224976,0.123134,3.225722
Wat Khun Samut Chin,1994-05-01,30.67691,1006.929077,0.794575,2.239564
Wat Khun Samut Chin,1994-06-01,30.411285,1006.027161,1.829498,2.703717
Wat Khun Samut Chin,1994-07-01,29.660065,1006.154663,2.59748,2.470456
Wat Khun Samut Chin,1994-08-01,29.289703,1007.367798,2.139757,2.167213
Wat Khun Samut Chin,1994-09-01,29.16275,1008.450012,1.414942,1.217159
Wat Khun Samut Chin,1994-10-01,29.211578,1011.585938,-0.65012,-0.642741
Wat Khun Samut Chin,1994-11-01,28.139801,1012.607483,-1.576535,-1.957285
Wat Khun Samut Chin,1994-12-01,27.972321,1012.785339,-0.935782,-1.30372
Wat Khun Samut Chin,1995-01-01,27.22403,1013.150635,-0.901953,0.161179
Wat Khun Samut Chin,1995-02-01,27.680817,1012.15625,-0.535878,2.284706
Wat Khun Samut Chin,1995-03-01,29.001617,1009.876892,-0.008522,3.528397
Wat Khun Samut Chin,1995-04-01,30.467682,1008.626587,0.110893,3.972386
Wat Khun Samut Chin,1995-05-01,30.938385,1007.73938,0.473844,2.581947
Wat Khun Samut Chin,1995-06-01,30.298981,1006.447205,1.591042,2.55098
Wat Khun Samut Chin,1995-07-01,29.149078,1006.6297,1.302841,2.621387
Wat Khun Samut Chin,1995-08-01,28.680328,1006.772217,1.182565,2.303025
Wat Khun Samut Chin,1995-09-01,28.790924,1008.188416,0.673413,0.891055
Wat Khun Samut Chin,1995-10-01,28.924225,1009.17218,-0.084999,-1.035275
Wat Khun Samut Chin,1995-11-01,28.279694,1011.128723,-1.222214,-1.795734
Wat Khun Samut Chin,1995-12-01,26.595856,1014.016541,-1.210814,-2.171328
Wat Khun Samut Chin,1996-01-01,25.999664,1011.441589,-0.262578,0.63753
Wat Khun Samut Chin,1996-02-01,26.767975,1011.757812,-0.932987,0.348647
Wat Khun Samut Chin,1996-03-01,28.175934,1009.214661,0.209565,3.699815
Wat Khun Samut Chin,1996-04-01,29.715485,1008.12561,-0.168464,2.83659
Wat Khun Samut Chin,1996-05-01,30.215973,1007.82373,0.707528,1.82649
Wat Khun Samut Chin,1996-06-01,30.798981,1007.76532,0.706536,1.941537
Wat Khun Samut Chin,1996-07-01,30.75943,1006.785339,1.381389,2.825721
Wat Khun Samut Chin,1996-08-01,30.12149,1007.560303,1.432419,1.966509
Wat Khun Samut Chin,1996-09-01,29.759674,1006.425964,0.907079,1.264165
Wat Khun Samut Chin,1996-10-01,29.582184,1009.664368,-0.483903,-0.645545
Wat Khun Samut Chin,1996-11-01,28.717438,1010.067505,-0.62452,-1.039822
Wat Khun Samut Chin,1996-12-01,26.863922,1012.866272,-0.940056,-1.988372
Wat Khun Samut Chin,1997-01-01,26.363678,1012.751587,-0.439878,0.613219
Wat Khun Samut Chin,1997-02-01,27.857819,1010.291565,-0.188783,2.031401
Wat Khun Samut Chin,1997-03-01,29.060455,1011.059082,0.064395,3.123234
Wat Khun Samut Chin,1997-04-01,30.377106,1010.009399,0.087969,2.544433
Wat Khun Samut Chin,1997-05-01,30.761139,1007.386902,1.525149,2.936749
Wat Khun Samut Chin,1997-06-01,30.367828,1007.391235,1.956729,2.724887
Wat Khun Samut Chin,1997-07-01,29.526764,1007.142822,2.578878,2.609984
Wat Khun Samut Chin,1997-08-01,29.140533,1007.46344,2.550073,2.226384
Wat Khun Samut Chin,1997-09-01,29.858307,1010.388428,0.540967,1.023424
Wat Khun Samut Chin,1997-10-01,30.023346,1012.286865,-0.385401,-0.056447
Wat Khun Samut Chin,1997-11-01,29.160797,1012.64502,-0.473373,-0.546149
Wat Khun Samut Chin,1997-12-01,28.655426,1012.97345,-0.936287,-0.445831
Wat Khun Samut Chin,1998-01-01,28.69986,1012.274658,0.077273,1.353927
Wat Khun Samut Chin,1998-02-01,29.24649,1012.181885,0.325315,3.421809
Wat Khun Samut Chin,1998-03-01,29.939117,1010.536255,0.398737,3.766655
Wat Khun Samut Chin,1998-04-01,30.711334,1009.381226,0.095636,3.889729
Wat Khun Samut Chin,1998-05-01,31.234283,1007.651855,0.536596,2.983206
Wat Khun Samut Chin,1998-06-01,30.209869,1006.68689,1.396953,2.503687
Wat Khun Samut Chin,1998-07-01,30.463043,1007.368408,0.843958,2.355999
Wat Khun Samut Chin,1998-08-01,30.521637,1008.235962,0.955566,1.882883
Wat Khun Samut Chin,1998-09-01,30.144196,1007.965027,0.876177,0.852103
Wat Khun Samut Chin,1998-10-01,29.765045,1009.06842,-0.648296,-0.109217
Wat Khun Samut Chin,1998-11-01,28.646393,1009.92627,-0.700062,-1.720835
Wat Khun Samut Chin,1998-12-01,26.864655,1012.241577,-1.293784,-1.897418
Wat Khun Samut Chin,1999-01-01,26.719391,1010.46936,-1.081798,-0.578407
Wat Khun Samut Chin,1999-02-01,28.041901,1012.079346,-0.676869,0.434882
Wat Khun Samut Chin,1999-03-01,28.970367,1006.584717,0.077346,3.03767
Wat Khun Samut Chin,1999-04-01,30.008453,1007.223755,0.166994,1.786855
Wat Khun Samut Chin,1999-05-01,29.803131,1007.656555,0.554916,1.878942
Wat Khun Samut Chin,1999-06-01,29.239655,1006.985291,1.898402,1.887443
Wat Khun Samut Chin,1999-07-01,28.946686,1005.827209,2.265555,2.379333
Wat Khun Samut Chin,1999-08-01,28.420319,1007.816589,1.723126,2.011179
Wat Khun Samut Chin,1999-09-01,29.132721,1007.915283,1.01269,1.308035
Wat Khun Samut Chin,1999-10-01,29.631012,1009.560303,-0.841578,-0.183383
Wat Khun Samut Chin,1999-11-01,28.677399,1010.818726,-0.645315,-1.698647
Wat Khun Samut Chin,1999-12-01,25.975006,1013.45813,-1.1686,-2.94657
Wat Khun Samut Chin,2000-01-01,26.411041,1011.395325,-0.756061,0.187977
Wat Khun Samut Chin,2000-02-01,26.788971,1010.221558,-0.237966,0.958889
Wat Khun Samut Chin,2000-03-01,28.775787,1008.857178,0.009391,2.108432
Wat Khun Samut Chin,2000-04-01,29.851715,1007.787842,-0.261608,2.428964
Wat Khun Samut Chin,2000-05-01,30.123688,1006.950012,1.092024,1.958163
Wat Khun Samut Chin,2000-06-01,29.521393,1006.96814,1.051214,2.045112
Wat Khun Samut Chin,2000-07-01,29.213043,1005.846558,1.796489,1.901946
Wat Khun Samut Chin,2000-08-01,29.453766,1006.440918,2.066244,1.815287
Wat Khun Samut Chin,2000-09-01,29.035553,1008.488098,0.720837,1.169885
Wat Khun Samut Chin,2000-10-01,29.351471,1008.48407,-0.045435,-0.0135
Wat Khun Samut Chin,2000-11-01,28.098785,1010.710327,-1.297951,-2.176075
Wat Khun Samut Chin,2000-12-01,27.801422,1010.845642,-1.263725,-1.922636
Wat Khun Samut Chin,2001-01-01,27.198639,1010.062805,-0.368406,1.028734
Wat Khun Samut Chin,2001-02-01,28.037262,1009.64093,-0.354966,1.657374
Wat Khun Samut Chin,2001-03-01,29.062653,1009.31311,-0.165958,1.165771
Wat Khun Samut Chin,2001-04-01,30.742096,1008.157166,0.14789,3.095243
Wat Khun Samut Chin,2001-05-01,31.093658,1007.048096,1.103029,2.354101
Wat Khun Samut Chin,2001-06-01,30.719147,1006.463745,2.139737,1.594269
Wat Khun Samut Chin,2001-07-01,29.862701,1006.397217,2.046682,2.264387
Wat Khun Samut Chin,2001-08-01,29.78067,1006.476868,2.580021,1.499872
Wat Khun Samut Chin,2001-09-01,30.282867,1008.038757,1.013026,1.148219
Wat Khun Samut Chin,2001-10-01,30.137604,1009.658142,-0.459819,-0.417219
Wat Khun Samut Chin,2001-11-01,28.337555,1012.459045,-1.340285,-1.966153
Wat Khun Samut Chin,2001-12-01,27.008209,1013.75592,-1.189855,-1.587662
Wat Khun Samut Chin,2002-01-01,26.039459,1012.784668,-0.678764,-0.161856
Wat Khun Samut Chin,2002-02-01,27.460602,1012.68158,0.090864,2.563663
Wat Khun Samut Chin,2002-03-01,28.601227,1009.872803,-0.071795,2.845304
Wat Khun Samut Chin,2002-04-01,30.346588,1008.381897,-0.044003,3.106624
Wat Khun Samut Chin,2002-05-01,30.621979,1007.335022,0.802784,2.738206
Wat Khun Samut Chin,2002-06-01,30.264313,1006.798767,1.78886,2.099907
Wat Khun Samut Chin,2002-07-01,30.242828,1006.606262,2.534054,2.397264
Wat Khun Samut Chin,2002-08-01,29.695221,1007.327209,2.374194,1.686562
Wat Khun Samut Chin,2002-09-01,29.67276,1008.553101,1.464422,1.156876
Wat Khun Samut Chin,2002-10-01,30.164215,1010.099365,-0.378529,-0.368622
Wat Khun Samut Chin,2002-11-01,29.452545,1011.515015,-0.603342,-1.345003
Wat Khun Samut Chin,2002-12-01,28.803375,1012.072205,-0.302286,-0.986738
Wat Khun Samut Chin,2003-01-01,27.825592,1013.586853,-0.77578,-0.557899
Wat Khun Samut Chin,2003-02-01,28.108551,1011.528137,-0.229053,1.479773
Wat Khun Samut Chin,2003-03-01,29.583649,1010.591858,-0.136245,1.707678
Wat Khun Samut Chin,2003-04-01,30.825348,1008.598755,0.009269,2.973449
Wat Khun Samut Chin,2003-05-01,31.045563,1006.898438,1.527341,1.866904
Wat Khun Samut Chin,2003-06-01,30.49649,1007.106262,1.5344,1.816727
Wat Khun Samut Chin,2003-07-01,30.517487,1007.663452,1.337418,1.605067
Wat Khun Samut Chin,2003-08-01,29.970123,1006.885925,2.262427,1.708021
Wat Khun Samut Chin,2003-09-01,29.614166,1007.910339,1.362551,1.038922
Wat Khun Samut Chin,2003-10-01,29.470856,1010.357483,-1.09918,-0.658476
Wat Khun Samut Chin,2003-11-01,29.158356,1011.281555,-0.904303,-1.027328
Wat Khun Samut Chin,2003-12-01,26.773834,1013.627197,-1.570067,-2.099963
Wat Khun Samut Chin,2004-01-01,26.711334,1012.200928,-0.492506,0.17387
Wat Khun Samut Chin,2004-02-01,27.352692,1011.70874,-0.315662,1.669367
Wat Khun Samut Chin,2004-03-01,28.778717,1009.611572,-0.061893,3.045939
Wat Khun Samut Chin,2004-04-01,30.77359,1008.357483,0.04667,3.446636
Wat Khun Samut Chin,2004-05-01,30.91153,1007.34906,0.88345,2.179727
Wat Khun Samut Chin,2004-06-01,30.608307,1007.220947,1.79169,1.792515
Wat Khun Samut Chin,2004-07-01,30.55899,1007.085022,1.555032,1.463651
Wat Khun Samut Chin,2004-08-01,29.898346,1006.883423,2.35827,1.919088
Wat Khun Samut Chin,2004-09-01,30.274078,1009.498413,0.431454,0.967682
Wat Khun Samut Chin,2004-10-01,29.974762,1011.744995,-1.438089,-0.930159
Wat Khun Samut Chin,2004-11-01,29.229889,1011.821533,-1.384635,-1.221018
Wat Khun Samut Chin,2004-12-01,26.983307,1012.510925,-1.195981,-1.641825
Wat Khun Samut Chin,2005-01-01,26.726471,1012.171875,-0.393292,1.104795
Wat Khun Samut Chin,2005-02-01,28.347076,1011.40033,0.217493,3.756927
Wat Khun Samut Chin,2005-03-01,28.600739,1011.448425,-0.175133,2.720837
Wat Khun Samut Chin,2005-04-01,30.183014,1010.264404,-0.07519,2.614717
Wat Khun Samut Chin,2005-05-01,30.642487,1006.803101,0.702131,2.773735
Wat Khun Samut Chin,2005-06-01,29.920807,1005.815308,1.841193,3.097665
Wat Khun Samut Chin,2005-07-01,29.854401,1007.252502,2.116751,1.941625
Wat Khun Samut Chin,2005-08-01,29.256989,1007.071899,1.965647,2.077087
Wat Khun Samut Chin,2005-09-01,29.641998,1008.047791,1.144488,1.368593
Wat Khun Samut Chin,2005-10-01,29.664459,1010.408142,-0.823948,-0.987945
Wat Khun Samut Chin,2005-11-01,28.893707,1011.039978,-0.587385,-1.035192
Wat Khun Samut Chin,2005-12-01,26.824371,1012.222168,-1.37391,-1.966703
Wat Khun Samut Chin,2006-01-01,26.617828,1011.487488,-0.624363,0.107148
Wat Khun Samut Chin,2006-02-01,28.131744,1011.448425,-0.412078,0.567896
Wat Khun Samut Chin,2006-03-01,29.395905,1009.441223,0.076053,2.946536
Wat Khun Samut Chin,2006-04-01,30.569733,1008.561584,-0.072705,2.84251
Wat Khun Samut Chin,2006-05-01,31.079742,1008.15564,0.357647,2.136793
Wat Khun Samut Chin,2006-06-01,30.568756,1007.143433,1.180988,1.702782
Wat Khun Samut Chin,2006-07-01,29.685944,1006.731262,2.338775,2.286887
Wat Khun Samut Chin,2006-08-01,29.378326,1006.727783,2.880692,1.568345
Wat Khun Samut Chin,2006-09-01,30.266266,1008.662842,0.922195,0.81715
Wat Khun Samut Chin,2006-10-01,29.843414,1010.767822,-0.165543,-0.164336
Wat Khun Samut Chin,2006-11-01,29.619537,1010.582214,-0.604156,-0.200068
Wat Khun Samut Chin,2006-12-01,28.302887,1012.555603,-1.141463,-2.062572
Wat Khun Samut Chin,2007-01-01,26.553619,1013.252197,-1.063036,-1.069305
Wat Khun Samut Chin,2007-02-01,27.247711,1011.574036,0.053685,2.495297
Wat Khun Samut Chin,2007-03-01,29.215729,1009.27002,-0.090573,3.634336
Wat Khun Samut Chin,2007-04-01,30.582672,1009.520325,-0.245207,2.390013
Wat Khun Samut Chin,2007-05-01,30.589264,1007.656555,0.549741,1.690538
Wat Khun Samut Chin,2007-06-01,31.048737,1005.925964,0.836753,1.932116
Wat Khun Samut Chin,2007-07-01,30.516754,1006.999084,1.73114,1.795755
Wat Khun Samut Chin,2007-08-01,29.862213,1006.203125,2.280272,1.581052
Wat Khun Samut Chin,2007-09-01,29.288971,1007.114685,1.365097,1.287846
Wat Khun Samut Chin,2007-10-01,28.835846,1009.17218,-0.200074,-0.681332
Wat Khun Samut Chin,2007-11-01,27.827301,1011.30127,-1.835744,-1.945706
Wat Khun Samut Chin,2007-12-01,26.74234,1010.694702,-1.038331,-0.846472
Wat Khun Samut Chin,2008-01-01,26.992096,1011.344055,-0.753417,-0.035506
Wat Khun Samut Chin,2008-02-01,27.821442,1011.571899,-0.97092,0.671607
Wat Khun Samut Chin,2008-03-01,28.481598,1009.483765,-0.327369,2.354748
Wat Khun Samut Chin,2008-04-01,30.068024,1007.89502,-0.093721,2.434757
Wat Khun Samut Chin,2008-05-01,30.167389,1006.482178,1.64231,2.016626
Wat Khun Samut Chin,2008-06-01,29.807281,1006.91217,1.746142,2.177225
Wat Khun Samut Chin,2008-07-01,29.245026,1006.834717,1.954086,2.142943
Wat Khun Samut Chin,2008-08-01,29.460602,1006.997803,1.806962,1.757842
Wat Khun Samut Chin,2008-09-01,29.400787,1007.57312,1.933426,0.936961
Wat Khun Samut Chin,2008-10-01,29.771149,1009.413452,-0.63121,-0.38813
Wat Khun Samut Chin,2008-11-01,28.489166,1011.113464,-1.266973,-2.149495
Wat Khun Samut Chin,2008-12-01,25.923492,1012.31189,-1.23451,-2.249523
Wat Khun Samut Chin,2009-01-01,25.553864,1013.679077,-0.924319,-1.125131
Wat Khun Samut Chin,2009-02-01,27.74649,1009.59375,0.187116,2.107128
Wat Khun Samut Chin,2009-03-01,29.312408,1009.60498,-0.112256,2.356505
Wat Khun Samut Chin,2009-04-01,30.420563,1007.919678,0.858939,1.147453
Wat Khun Samut Chin,2009-05-01,30.735016,1006.786865,0.240504,1.601558
Wat Khun Samut Chin,2009-06-01,29.773102,1006.613464,2.193566,2.694443
Wat Khun Samut Chin,2009-07-01,29.615631,1006.77002,2.62513,1.61807
Wat Khun Samut Chin,2009-08-01,29.810944,1006.795654,1.711019,1.410511
Wat Khun Samut Chin,2009-09-01,29.838287,1007.369995,1.958155,0.753562
Wat Khun Samut Chin,2009-10-01,29.389069,1009.139038,0.052591,0.013174
Wat Khun Samut Chin,2009-11-01,28.761139,1011.182495,-0.88579,-1.364381
Wat Khun Samut Chin,2009-12-01,27.698639,1012.019043,-0.830603,-0.35958
Wat Khun Samut Chin,2010-01-01,28.09317,1012.48999,-0.589547,0.250063
Wat Khun Samut Chin,2010-02-01,28.713776,1010.925964,0.429204,3.6229
Wat Khun Samut Chin,2010-03-01,29.441315,1010.552185,-0.224469,2.63026
Wat Khun Samut Chin,2010-04-01,30.594391,1009.199036,0.07964,3.63035
Wat Khun Samut Chin,2010-05-01,30.998932,1006.608459,0.566813,2.904993
Wat Khun Samut Chin,2010-06-01,30.378571,1006.91156,1.252357,2.267823
Wat Khun Samut Chin,2010-07-01,29.960602,1007.126587,1.050468,2.166739
Wat Khun Samut Chin,2010-08-01,29.490631,1007.341248,1.313703,1.786039
Wat Khun Samut Chin,2010-09-01,29.819977,1008.10907,0.496701,1.081721
Wat Khun Samut Chin,2010-10-01,29.155426,1008.421265,0.074761,-0.57756
Wat Khun Samut Chin,2010-11-01,28.086578,1010.352783,-1.035814,-2.10088
Wat Khun Samut Chin,2010-12-01,27.519928,1009.35907,-0.537859,-0.734151
Wat Khun Samut Chin,2011-01-01,26.675201,1011.206543,-1.541523,-1.561999
Wat Khun Samut Chin,2011-02-01,27.656891,1009.961243,0.02719,2.031651
Wat Khun Samut Chin,2011-03-01,28.80899,1010.443726,-0.341331,-0.495627
Wat Khun Samut Chin,2011-04-01,29.006989,1009.397522,-0.081749,2.064352
Wat Khun Samut Chin,2011-05-01,30.485748,1007.344666,0.66303,1.926092
Wat Khun Samut Chin,2011-06-01,29.832916,1006.3172,1.680776,2.370627
Wat Khun Samut Chin,2011-07-01,29.088043,1006.42627,1.970095,2.103767
Wat Khun Samut Chin,2011-08-01,29.633942,1007.262512,1.857534,1.406805
Wat Khun Samut Chin,2011-09-01,29.194733,1007.299988,2.162916,1.336365
Wat Khun Samut Chin,2011-10-01,28.962799,1009.429382,-0.318006,-0.733777
Wat Khun Samut Chin,2011-11-01,28.951324,1010.125,-0.701862,-2.097491
Wat Khun Samut Chin,2011-12-01,26.777008,1012.10437,-1.639492,-2.331754
Wat Khun Samut Chin,2012-01-01,27.140533,1010.909973,-0.398141,0.305806
Wat Khun Samut Chin,2012-02-01,28.531158,1009.290283,0.049436,2.094359
Wat Khun Samut Chin,2012-03-01,29.633453,1009.022217,-0.120443,2.217162
Wat Khun Samut Chin,2012-04-01,30.42276,1008.344055,0.272047,2.509836
Wat Khun Samut Chin,2012-05-01,30.352692,1005.778137,1.473748,2.263956
Wat Khun Samut Chin,2012-06-01,29.550446,1005.909668,2.595743,2.432174
Wat Khun Samut Chin,2012-07-01,29.117584,1006.520935,2.113999,1.987365
Wat Khun Samut Chin,2012-08-01,29.004791,1007.27124,2.672086,1.543462
Wat Khun Samut Chin,2012-09-01,29.121979,1008.264404,1.285188,0.501737
Wat Khun Samut Chin,2012-10-01,30.223297,1010.03064,-0.171529,-0.433546
Wat Khun Samut Chin,2012-11-01,29.483307,1010.112183,-0.125428,-0.048304
Wat Khun Samut Chin,2012-12-01,29.274567,1010.535339,-0.47659,-0.707026
Wat Khun Samut Chin,2013-01-01,28.045563,1012.299377,-0.491351,0.161989
Wat Khun Samut Chin,2013-02-01,28.667633,1010.645935,-0.00933,0.845824
Wat Khun Samut Chin,2013-03-01,29.562897,1010.19281,-0.002898,2.825619
Wat Khun Samut Chin,2013-04-01,30.550934,1007.875,0.174913,2.573259
Wat Khun Samut Chin,2013-05-01,30.962311,1007.143127,0.698078,2.201675
Wat Khun Samut Chin,2013-06-01,30.183014,1005.696899,1.426842,1.729108
Wat Khun Samut Chin,2013-07-01,29.450836,1006.449036,2.097001,1.680508
Wat Khun Samut Chin,2013-08-01,29.190582,1007.065002,2.037812,1.773818
Wat Khun Samut Chin,2013-09-01,29.305817,1007.762512,1.322159,1.226873
Wat Khun Samut Chin,2013-10-01,29.254303,1010.492798,-0.317263,-0.616937
Wat Khun Samut Chin,2013-11-01,28.696686,1010.726562,-1.077828,-1.574634
Wat Khun Samut Chin,2013-12-01,26.663971,1012.842529,-1.034116,-1.810918
Wat Khun Samut Chin,2014-01-01,25.55484,1014.265625,-1.000783,-1.015583
Wat Khun Samut Chin,2014-02-01,26.94278,1010.960022,0.155309,2.943138
Wat Khun Samut Chin,2014-03-01,28.741852,1010.882812,0.326848,3.404697
Wat Khun Samut Chin,2014-04-01,30.343658,1009.065308,-0.07665,3.015714
Wat Khun Samut Chin,2014-05-01,31.188385,1007.917786,0.874773,1.939872
Wat Khun Samut Chin,2014-06-01,30.616119,1005.68811,1.894881,2.842391
Wat Khun Samut Chin,2014-07-01,29.994293,1006.72406,2.21087,2.287146
Wat Khun Samut Chin,2014-08-01,29.702057,1008.206238,1.324713,1.872358
Wat Khun Samut Chin,2014-09-01,29.525299,1008.584045,1.383911,1.343908
Wat Khun Samut Chin,2014-10-01,29.641754,1010.639038,-0.683267,-0.713645
Wat Khun Samut Chin,2014-11-01,29.588287,1010.975342,-0.621263,-0.988448
Wat Khun Samut Chin,2014-12-01,27.879059,1012.669678,-1.537423,-2.036469
Wat Khun Samut Chin,2015-01-01,26.308746,1013.532471,-0.194965,-0.504129
Wat Khun Samut Chin,2015-02-01,27.588531,1012.37561,-0.46489,1.891833
Wat Khun Samut Chin,2015-03-01,29.079254,1011.501892,0.070784,3.097044
Wat Khun Samut Chin,2015-04-01,30.289459,1009.76001,0.000937,1.976302
Wat Khun Samut Chin,2015-05-01,30.609772,1007.939392,1.052837,2.840309
Wat Khun Samut Chin,2015-06-01,30.620758,1007.570312,1.616976,2.158687
Wat Khun Samut Chin,2015-07-01,29.879547,1007.346252,2.308956,2.594148
Wat Khun Samut Chin,2015-08-01,29.621979,1007.946899,2.111737,1.725224
Wat Khun Samut Chin,2015-09-01,29.558014,1008.833435,1.53525,0.9527
Wat Khun Samut Chin,2015-10-01,29.868561,1011.447815,-0.377055,-0.022101
Wat Khun Samut Chin,2015-11-01,30.008698,1011.215027,-0.907526,-0.892137
Wat Khun Samut Chin,2015-12-01,29.007477,1013.140015,-0.612833,-0.953315
Wat Khun Samut Chin,2016-01-01,28.464996,1013.069092,-0.043266,0.860457
Wat Khun Samut Chin,2016-02-01,27.613678,1013.826233,-1.150507,0.199327
Wat Khun Samut Chin,2016-03-01,28.977692,1011.34845,-0.000742,3.365392
Wat Khun Samut Chin,2016-04-01,30.475006,1008.632202,0.424283,4.099934
Wat Khun Samut Chin,2016-05-01,31.235016,1007.501587,0.845737,3.031966
Wat Khun Samut Chin,2016-06-01,30.536041,1007.996582,1.458472,2.287845
Wat Khun Samut Chin,2016-07-01,29.861481,1007.742188,1.279512,1.974963
Wat Khun Samut Chin,2016-08-01,29.883698,1006.141235,2.477569,1.87226
Wat Khun Samut Chin,2016-09-01,29.558746,1007.564697,1.509232,0.815912
Wat Khun Samut Chin,2016-10-01,29.492828,1008.242493,0.501555,-0.117682
Wat Khun Samut Chin,2016-11-01,29.479401,1010.600647,-0.900703,-1.234416
Wat Khun Samut Chin,2016-12-01,28.005768,1011.704712,-1.073663,-2.289066
Wat Khun Samut Chin,2017-01-01,27.46402,1011.575928,-0.774795,-1.285966
Wat Khun Samut Chin,2017-02-01,27.831207,1012.322205,-0.582879,0.161691
Wat Khun Samut Chin,2017-03-01,29.410553,1010.170959,-0.157959,2.900023
Wat Khun Samut Chin,2017-04-01,30.372955,1009.407471,-0.008005,2.263185
Wat Khun Samut Chin,2017-05-01,30.942047,1007.812805,-0.098503,2.142217
Wat Khun Samut Chin,2017-06-01,30.520416,1007.460327,1.596006,1.852422
Wat Khun Samut Chin,2017-07-01,29.721832,1007.419373,2.272928,1.740026
Wat Khun Samut Chin,2017-08-01,29.866119,1007.159058,1.695226,1.765744
Wat Khun Samut Chin,2017-09-01,30.438141,1008.249084,0.832269,1.265251
Wat Khun Samut Chin,2017-10-01,30.068512,1009.39032,-0.034059,-0.394503
Wat Khun Samut Chin,2017-11-01,28.727936,1010.086548,-0.776046,-1.918211
Wat Khun Samut Chin,2017-12-01,27.23111,1012.697205,-1.046162,-1.969519
Wat Khun Samut Chin,2018-01-01,26.946442,1010.41626,-0.138195,0.010306
Wat Khun Samut Chin,2018-02-01,27.72403,1012.299377,-0.588433,1.027674
Wat Khun Samut Chin,2018-03-01,29.325836,1010.173462,-0.202275,2.363779
Wat Khun Samut Chin,2018-04-01,30.064606,1009.630615,-0.238952,1.840009
Wat Khun Samut Chin,2018-05-01,30.745758,1008.910339,-0.141664,1.878361
Wat Khun Samut Chin,2018-06-01,30.548981,1007.148438,2.090961,2.39092
Wat Khun Samut Chin,2018-07-01,29.812408,1005.86438,2.872589,2.041429
Wat Khun Samut Chin,2018-08-01,29.379791,1006.464661,2.511841,2.406536
Wat Khun Samut Chin,2018-09-01,29.518463,1008.443115,1.093544,0.771399
Wat Khun Samut Chin,2018-10-01,30.012848,1011.215332,-0.874852,-0.168989
Wat Khun Samut Chin,2018-11-01,29.320465,1011.544678,-0.427294,-1.213971
Wat Khun Samut Chin,2018-12-01,28.815094,1011.866272,-0.590555,-1.406783
Wat Khun Samut Chin,2019-01-01,27.895905,1013.085938,-0.535153,-0.824648
Wat Khun Samut Chin,2019-02-01,28.61734,1012.431274,0.501925,3.214181
Wat Khun Samut Chin,2019-03-01,29.456696,1010.536865,0.160469,3.6302
Wat Khun Samut Chin,2019-04-01,30.979401,1008.757202,0.144719,3.572072
Wat Khun Samut Chin,2019-05-01,31.279938,1007.366577,1.262279,1.804683
Wat Khun Samut Chin,2019-06-01,30.55899,1007.169983,1.419268,2.244474
Wat Khun Samut Chin,2019-07-01,30.142487,1007.628418,2.354134,1.615926
Wat Khun Samut Chin,2019-08-01,29.627106,1006.668152,2.722033,2.166452
Wat Khun Samut Chin,2019-09-01,29.589508,1009.83252,0.941286,0.30259
Wat Khun Samut Chin,2019-10-01,30.31192,1010.463745,-0.792423,-0.106138
Wat Khun Samut Chin,2019-11-01,29.244049,1011.330322,-1.246714,-1.196093
Wat Khun Samut Chin,2019-12-01,27.285065,1013.300598,-1.157376,-1.00902
Wat Khun Samut Chin,2020-01-01,28.457428,1011.982178,-0.157011,1.203767
Wat Khun Samut Chin,2020-02-01,28.348785,1012.953125,-0.627525,1.407457
Wat Khun Samut Chin,2020-03-01,29.300201,1010.29657,0.235236,3.925468
Wat Khun Samut Chin,2020-04-01,30.501373,1010.613464,-0.013751,2.796062
Wat Khun Samut Chin,2020-05-01,31.337067,1008.278748,0.496251,2.881651
Wat Khun Samut Chin,2020-06-01,30.997711,1007.591553,1.171954,2.276122
Wat Khun Samut Chin,2020-07-01,30.592194,1007.382507,0.929736,1.794445
Wat Khun Samut Chin,2020-08-01,29.955231,1006.886902,1.691019,2.027811
Wat Khun Samut Chin,2020-09-01,29.961334,1007.811584,0.890321,1.704424
Wat Khun Samut Chin,2020-10-01,29.276276,1008.302795,0.078307,-1.123652
Wat Khun Samut Chin,2020-11-01,28.705963,1011.846252,-1.222422,-1.86993
Wat Khun Samut Chin,2020-12-01,27.316315,1012.108154,-1.093961,-1.74939
Wat Khun Samut Chin,2021-01-01,26.159821,1012.437195,-1.003212,-0.822096
Wat Khun Samut Chin,2021-02-01,27.761383,1011.534363,-0.45354,1.16286
Wat Khun Samut Chin,2021-03-01,29.188385,1010.137207,0.162381,2.993939
Wat Khun Samut Chin,2021-04-01,30.601471,1009.559387,0.101205,1.465371
Wat Khun Samut Chin,2021-05-01,31.293854,1007.861877,0.657976,1.900896
Wat Khun Samut Chin,2021-06-01,30.772369,1007.748779,2.312485,2.078309
Wat Khun Samut Chin,2021-07-01,30.227692,1006.909058,1.887747,2.027617
Wat Khun Samut Chin,2021-08-01,29.670074,1008.103455,1.478554,2.105895
Wat Khun Samut Chin,2021-09-01,29.466217,1008.132507,0.981994,0.935947
Wat Khun Samut Chin,2021-10-01,29.593414,1009.126892,0.118332,0.01063
Wat Khun Samut Chin,2021-11-01,29.346588,1010.62561,-1.306544,-1.591568
Wat Khun Samut Chin,2021-12-01,26.957916,1013.680908,-1.279393,-2.134832
Wat Khun Samut Chin,2022-01-01,27.854889,1011.984375,-0.2018,0.569833
Wat Khun Samut Chin,2022-02-01,28.765289,1011.011902,-0.454958,0.563754
Wat Khun Samut Chin,2022-03-01,29.784821,1009.05127,-0.020903,2.257447
Wat Khun Samut Chin,2022-04-01,30.119537,1009.019714,-0.650386,0.843771
Wat Khun Samut Chin,2022-05-01,30.580475,1007.210632,0.740395,1.2726
Wat Khun Samut Chin,2022-06-01,30.403717,1007.378723,1.359125,1.861943
Wat Khun Samut Chin,2022-07-01,30.15567,1006.257812,1.689357,1.803222
Wat Khun Samut Chin,2022-08-01,29.885895,1007.048096,1.383995,1.853038
Wat Khun Samut Chin,2022-09-01,29.90567,1007.903748,1.269923,0.843239
Wat Khun Samut Chin,2022-10-01,29.309479,1010.422791,-1.028247,-1.186655
Wat Khun Samut Chin,2022-11-01,28.654694,1010.294067,-0.613193,-0.687287
Wat Khun Samut Chin,2022-12-01,27.711334,1012.063416,-1.366982,-1.750371
Wat Khun Samut Chin,2023-01-01,26.669098,1012.619385,-1.080701,-1.547782
Wat Khun Samut Chin,2023-02-01,27.377594,1011.833435,-0.33919,0.362419
Wat Khun Samut Chin,2023-03-01,28.566559,1011.126221,-0.073556,2.173456
Wat Khun Samut Chin,2023-04-01,30.394928,1008.01123,0.104574,3.0256
Wat Khun Samut Chin,2023-05-01,31.291412,1007.669067,0.992133,1.878757
Wat Khun Samut Chin,2023-06-01,30.555817,1007.126892,1.945337,2.058928
Wat Khun Samut Chin,2023-07-01,30.385406,1007.372192,2.233364,1.590473
Wat Khun Samut Chin,2023-08-01,29.967682,1007.773438,2.434361,1.98109
Wat Khun Samut Chin,2023-09-01,30.097565,1007.827515,1.470557,1.475198
Wat Khun Samut Chin,2023-10-01,30.009186,1010.893127,0.154726,-0.317025
Wat Khun Samut Chin,2023-11-01,29.285065,1012.304993,-1.080738,-1.708799
Wat Khun Samut Chin,2023-12-01,28.674469,1013.014038,-1.159218,-1.538464
Wat Khun Samut Chin,2024-01-01,28.356842,1012.952209,-0.484494,-0.367575
Wat Khun Samut Chin,2024-02-01,28.972809,1012.710327,0.178122,2.574007
Wat Khun Samut Chin,2024-03-01,29.891754,1010.918762,0.231849,3.356861
Wat Khun Samut Chin,2024-04-01,31.064606,1007.558411,0.364895,4.103836
Wat Khun Samut Chin,2024-05-01,31.497223,1007.580933,0.179372,2.183666
Wat Khun Samut Chin,2024-06-01,30.978424,1007.523132,1.930091,2.140306
Wat Khun Samut Chin,2024-07-01,29.814117,1006.877502,1.618548,2.107325
Wat Khun Samut Chin,2024-08-01,30.19278,1008.292175,1.262871,1.421651
Wat Khun Samut Chin,2024-09-01,30.049225,1006.855286,1.575279,1.105278
Wat Khun Samut Chin,2024-10-01,30.374664,1009.701904,-0.281684,-0.228146
Wat Khun Samut Chin,2024-11-01,29.656647,1010.924072,-1.368226,-1.791684
Wat Khun Samut Chin,2024-12-01,27.631989,1011.86908,-1.391004,-2.153286
Laem Chabang Port,1993-01-01,27.029938,1012.872803,-0.438459,0.30659
Laem Chabang Port,1993-02-01,26.920563,1012.829041,-0.037449,1.942266
Laem Chabang Port,1993-03-01,28.424713,1011.054688,0.287483,3.448394
Laem Chabang Port,1993-04-01,29.662506,1009.713745,0.020995,3.438862
Laem Chabang Port,1993-05-01,30.54483,1008.462524,0.241636,3.784039
Laem Chabang Port,1993-06-01,30.67276,1007.615295,1.990335,2.743833
Laem Chabang Port,1993-07-01,30.409576,1006.809082,2.707272,2.704416
Laem Chabang Port,1993-08-01,29.926178,1008.59436,2.697874,2.7709
Laem Chabang Port,1993-09-01,29.607574,1008.912476,1.560853,1.532495
Laem Chabang Port,1993-10-01,29.058258,1011.510315,-1.332755,-0.756971
Laem Chabang Port,1993-11-01,28.80191,1011.115967,-1.226324,-1.735119
Laem Chabang Port,1993-12-01,27.568024,1013.193115,-1.853506,-3.033666
Laem Chabang Port,1994-01-01,26.679352,1011.696899,0.014241,0.690759
Laem Chabang Port,1994-02-01,28.091949,1010.00592,0.27752,3.484342
Laem Chabang Port,1994-03-01,28.796783,1011.325623,-0.229629,2.106641
Laem Chabang Port,1994-04-01,30.243805,1008.552795,0.26559,3.387343
Laem Chabang Port,1994-05-01,30.465485,1007.247498,1.047382,2.717347
Laem Chabang Port,1994-06-01,30.246246,1006.421875,2.574249,3.313458
Laem Chabang Port,1994-07-01,29.482819,1006.549072,3.394233,3.079465
Laem Chabang Port,1994-08-01,29.111481,1007.72345,2.792711,2.706764
Laem Chabang Port,1994-09-01,28.97525,1008.69873,1.774073,1.584835
Laem Chabang Port,1994-10-01,29.096344,1011.576904,-0.929783,-0.795939
Laem Chabang Port,1994-11-01,28.137848,1012.455933,-2.051267,-2.297617
Laem Chabang Port,1994-12-01,28.095856,1012.723145,-0.911735,-1.503549
Laem Chabang Port,1995-01-01,27.335358,1013.153137,-0.740576,-0.060989
Laem Chabang Port,1995-02-01,27.653961,1012.30188,-0.499623,2.168129
Laem Chabang Port,1995-03-01,28.928864,1010.177185,0.098167,3.569534
Laem Chabang Port,1995-04-01,30.297272,1008.996277,0.265068,3.995946
Laem Chabang Port,1995-05-01,30.810455,1008.025024,0.64169,2.988075
Laem Chabang Port,1995-06-01,30.244293,1006.80249,2.114601,3.124954
Laem Chabang Port,1995-07-01,29.142731,1006.969666,1.652695,3.078297
Laem Chabang Port,1995-08-01,28.692047,1007.079346,1.823068,2.89177
Laem Chabang Port,1995-09-01,28.685944,1008.390625,1.230664,1.161807
Laem Chabang Port,1995-10-01,28.881744,1009.169373,-0.150795,-1.19946
Laem Chabang Port,1995-11-01,28.377838,1010.987488,-1.676682,-2.279011
Laem Chabang Port,1995-12-01,26.792633,1013.81311,-1.638915,-2.834291
Laem Chabang Port,1996-01-01,26.119781,1011.490295,-0.102178,0.522052
Laem Chabang Port,1996-02-01,26.762604,1011.747192,-1.10828,0.025771
Laem Chabang Port,1996-03-01,28.065582,1009.517822,0.391206,3.715318
Laem Chabang Port,1996-04-01,29.619293,1008.39502,-0.060554,3.095867
Laem Chabang Port,1996-05-01,30.094879,1008.062195,0.916268,2.257277
Laem Chabang Port,1996-06-01,30.694489,1008.013733,1.057977,2.421395
Laem Chabang Port,1996-07-01,30.694977,1007.138733,2.030681,3.292396
Laem Chabang Port,1996-08-01,30.020416,1007.85376,1.83757,2.432573
Laem Chabang Port,1996-09-01,29.635651,1006.670288,1.487767,1.709966
Laem Chabang Port,1996-10-01,29.498688,1009.681274,-0.678727,-0.766639
Laem Chabang Port,1996-11-01,28.761383,1010.034973,-1.107797,-1.236965
Laem Chabang Port,1996-12-01,27.016754,1012.697815,-1.485344,-2.629729
Laem Chabang Port,1997-01-01,26.469635,1012.785339,-0.38104,0.51068
Laem Chabang Port,1997-02-01,27.863678,1010.483154,-0.023133,2.074369
Laem Chabang Port,1997-03-01,28.95694,1011.342834,0.231875,3.390324
Laem Chabang Port,1997-04-01,30.216461,1010.285339,0.283159,2.695678
Laem Chabang Port,1997-05-01,30.651276,1007.780334,1.762942,3.208843
Laem Chabang Port,1997-06-01,30.300446,1007.808777,2.342227,3.206332
Laem Chabang Port,1997-07-01,29.404694,1007.577209,3.182638,3.124511
Laem Chabang Port,1997-08-01,29.048737,1007.84906,3.196679,2.77448
Laem Chabang Port,1997-09-01,29.789948,1010.575928,0.725659,1.330797
Laem Chabang Port,1997-10-01,29.997955,1012.350647,-0.58584,-0.135915
Laem Chabang Port,1997-11-01,29.285797,1012.629395,-0.637924,-0.767707
Laem Chabang Port,1997-12-01,28.893219,1012.938416,-0.891975,-0.819122
Laem Chabang Port,1998-01-01,28.898102,1012.405334,0.434451,1.486129
Laem Chabang Port,1998-02-01,29.302643,1012.466858,0.542845,3.560359
Laem Chabang Port,1998-03-01,29.900543,1010.855957,0.544977,3.858086
Laem Chabang Port,1998-04-01,30.614655,1009.721252,0.170954,4.083454
Laem Chabang Port,1998-05-01,31.254303,1007.977478,0.825171,3.373465
Laem Chabang Port,1998-06-01,30.245026,1007.05719,1.766704,3.00503
Laem Chabang Port,1998-07-01,30.476715,1007.702515,1.102747,2.837322
Laem Chabang Port,1998-08-01,30.416656,1008.514038,1.143555,2.158152
Laem Chabang Port,1998-09-01,29.984528,1008.174072,1.135942,1.049491
Laem Chabang Port,1998-10-01,29.776764,1009.123413,-0.785259,-0.146936
Laem Chabang Port,1998-11-01,28.80899,1009.84314,-0.991077,-2.031504
Laem Chabang Port,1998-12-01,27.073151,1012.065308,-1.601157,-2.509601
Laem Chabang Port,1999-01-01,26.860992,1010.395325,-1.209727,-1.1287
Laem Chabang Port,1999-02-01,28.033112,1012.124084,-0.384877,0.377997
Laem Chabang Port,1999-03-01,28.901031,1006.868103,0.270583,3.311596
Laem Chabang Port,1999-04-01,29.896149,1007.476257,0.413576,2.018788
Laem Chabang Port,1999-05-01,29.741608,1007.897522,0.911728,2.349767
Laem Chabang Port,1999-06-01,29.197174,1007.297485,2.420253,2.288444
Laem Chabang Port,1999-07-01,28.949127,1006.207825,2.77703,2.853821
Laem Chabang Port,1999-08-01,28.417389,1008.116577,2.142682,2.328196
Laem Chabang Port,1999-09-01,29.068756,1008.137512,1.33288,1.577444
Laem Chabang Port,1999-10-01,29.53775,1009.579346,-0.982203,-0.083041
Laem Chabang Port,1999-11-01,28.681305,1010.72467,-1.1043,-2.01017
Laem Chabang Port,1999-12-01,26.093658,1013.144714,-1.981344,-3.815223
Laem Chabang Port,2000-01-01,26.507721,1011.419983,-0.671344,-0.020153
Laem Chabang Port,2000-02-01,26.764069,1010.304688,-0.133107,0.79739
Laem Chabang Port,2000-03-01,28.734772,1009.068726,0.16088,2.291293
Laem Chabang Port,2000-04-01,29.742828,1008.021545,-0.097301,2.749398
Laem Chabang Port,2000-05-01,30.038727,1007.259705,1.463606,2.36539
Laem Chabang Port,2000-06-01,29.415436,1007.26123,1.467596,2.481025
Laem Chabang Port,2000-07-01,29.117828,1006.16748,2.220561,2.323577
Laem Chabang Port,2000-08-01,29.360504,1006.768738,2.54598,2.249979
Laem Chabang Port,2000-09-01,28.906647,1008.689697,1.012341,1.523644
Laem Chabang Port,2000-10-01,29.278717,1008.574402,0.152075,-0.010204
Laem Chabang Port,2000-11-01,28.173981,1010.550293,-1.814186,-2.709522
Laem Chabang Port,2000-12-01,27.98941,1010.715027,-1.529472,-2.374296
Laem Chabang Port,2001-01-01,27.395416,1010.163452,-0.084837,0.997728
Laem Chabang Port,2001-02-01,28.111481,1009.796875,-0.045396,1.797145
Laem Chabang Port,2001-03-01,28.998199,1009.43811,-0.185978,1.318726
Laem Chabang Port,2001-04-01,30.620514,1008.471558,0.238222,3.249296
Laem Chabang Port,2001-05-01,30.984772,1007.352173,1.613527,2.781103
Laem Chabang Port,2001-06-01,30.616119,1006.799072,2.601895,1.958527
Laem Chabang Port,2001-07-01,29.752838,1006.752808,2.630056,2.827864
Laem Chabang Port,2001-08-01,29.649323,1006.820923,3.037296,1.868158
Laem Chabang Port,2001-09-01,30.065582,1008.284668,1.219081,1.479518
Laem Chabang Port,2001-10-01,30.019928,1009.705322,-0.502055,-0.386091
Laem Chabang Port,2001-11-01,28.393219,1012.294067,-1.926101,-2.572721
Laem Chabang Port,2001-12-01,27.143463,1013.603455,-1.501256,-2.289688
Laem Chabang Port,2002-01-01,26.141998,1012.76123,-0.458183,-0.348013
Laem Chabang Port,2002-02-01,27.391754,1012.889709,0.590376,2.744816
Laem Chabang Port,2002-03-01,28.487457,1010.126892,0.094465,2.861906
Laem Chabang Port,2002-04-01,30.174225,1008.684998,0.088566,3.132503
Laem Chabang Port,2002-05-01,30.470612,1007.663452,1.207935,3.110276
Laem Chabang Port,2002-06-01,30.094391,1007.129089,2.233807,2.634575
Laem Chabang Port,2002-07-01,30.096832,1006.988464,3.100704,2.971727
Laem Chabang Port,2002-08-01,29.553131,1007.66156,2.942676,2.083168
Laem Chabang Port,2002-09-01,29.489655,1008.79718,2.060003,1.475357
Laem Chabang Port,2002-10-01,30.050934,1010.123779,-0.526356,-0.30368
Laem Chabang Port,2002-11-01,29.441315,1011.429688,-1.009104,-1.641756
Laem Chabang Port,2002-12-01,28.966949,1012.019043,-0.482218,-1.058516
Laem Chabang Port,2003-01-01,28.060944,1013.503113,-0.903954,-0.860634
Laem Chabang Port,2003-02-01,28.184235,1011.655029,0.037305,1.56156
Laem Chabang Port,2003-03-01,29.503082,1010.779053,0.012315,1.891394
Laem Chabang Port,2003-04-01,30.681793,1008.909668,0.201285,3.105285
Laem Chabang Port,2003-05-01,30.925934,1007.232788,1.791501,2.188437
Laem Chabang Port,2003-06-01,30.396881,1007.403748,1.803077,2.206619
Laem Chabang Port,2003-07-01,30.359283,1007.940918,1.676529,1.970302
Laem Chabang Port,2003-08-01,29.816315,1007.209351,2.681983,2.172255
Laem Chabang Port,2003-09-01,29.458405,1008.14093,1.720705,1.321271
Laem Chabang Port,2003-10-01,29.38736,1010.34314,-1.398741,-0.799833
Laem Chabang Port,2003-11-01,29.224274,1011.236267,-1.062872,-1.403427
Laem Chabang Port,2003-12-01,27.038483,1013.409973,-1.966552,-2.773059
Laem Chabang Port,2004-01-01,26.87442,1012.225952,-0.255079,-0.039753
Laem Chabang Port,2004-02-01,27.394196,1011.819702,-0.264027,1.624323
Laem Chabang Port,2004-03-01,28.71817,1009.876892,0.058712,3.118815
Laem Chabang Port,2004-04-01,30.66568,1008.712158,0.180093,3.656963
Laem Chabang Port,2004-05-01,30.803131,1007.636902,1.208889,2.572061
Laem Chabang Port,2004-06-01,30.523346,1007.553772,2.354922,2.239414
Laem Chabang Port,2004-07-01,30.378815,1007.37439,1.861306,1.922513
Laem Chabang Port,2004-08-01,29.744537,1007.235962,2.869378,2.426291
Laem Chabang Port,2004-09-01,30.152985,1009.675598,0.651546,1.25589
Laem Chabang Port,2004-10-01,29.925934,1011.723145,-1.684916,-1.191145
Laem Chabang Port,2004-11-01,29.332916,1011.75531,-1.495841,-1.552683
Laem Chabang Port,2004-12-01,27.284088,1012.371887,-1.111997,-2.076029
Laem Chabang Port,2005-01-01,26.936432,1012.250305,-0.20921,1.031797
Laem Chabang Port,2005-02-01,28.376862,1011.696228,0.386683,3.921111
Laem Chabang Port,2005-03-01,28.569,1011.670654,-0.090416,2.695446
Laem Chabang Port,2005-04-01,30.09903,1010.52063,0.035284,2.703829
Laem Chabang Port,2005-05-01,30.589752,1007.138123,0.812239,3.214775
Laem Chabang Port,2005-06-01,29.984283,1006.219971,2.32447,3.595712
Laem Chabang Port,2005-07-01,29.868561,1007.579041,2.598318,2.212987
Laem Chabang Port,2005-08-01,29.200348,1007.403748,2.353464,2.466125
Laem Chabang Port,2005-09-01,29.57608,1008.297485,1.584918,1.756044
Laem Chabang Port,2005-10-01,29.628326,1010.405945,-1.050755,-1.124419
Laem Chabang Port,2005-11-01,28.944977,1011.0,-0.880964,-1.308263
Laem Chabang Port,2005-12-01,26.997223,1012.06189,-1.88099,-2.670683
Laem Chabang Port,2006-01-01,26.807281,1011.508118,-0.575047,-0.123321
Laem Chabang Port,2006-02-01,28.166412,1011.538452,-0.059783,0.63125
Laem Chabang Port,2006-03-01,29.34903,1009.709717,0.233645,2.961429
Laem Chabang Port,2006-04-01,30.505768,1008.846863,0.105151,3.040264
Laem Chabang Port,2006-05-01,31.033356,1008.433105,0.65733,2.560987
Laem Chabang Port,2006-06-01,30.485748,1007.423767,1.383381,2.115379
Laem Chabang Port,2006-07-01,29.623932,1007.106567,2.935088,2.832908
Laem Chabang Port,2006-08-01,29.232819,1007.088135,3.204666,1.978135
Laem Chabang Port,2006-09-01,30.058258,1008.877197,1.382523,1.07008
Laem Chabang Port,2006-10-01,29.708649,1010.847839,-0.079361,-0.075835
Laem Chabang Port,2006-11-01,29.651764,1010.627197,-0.459258,-0.136225
Laem Chabang Port,2006-12-01,28.479645,1012.36969,-1.47972,-2.585155
Laem Chabang Port,2007-01-01,26.670807,1013.153748,-1.146044,-1.592865
Laem Chabang Port,2007-02-01,27.24527,1011.759033,0.202855,2.450742
Laem Chabang Port,2007-03-01,29.104401,1009.589355,-0.011106,3.791197
Laem Chabang Port,2007-04-01,30.472809,1009.773438,-0.158659,2.506712
Laem Chabang Port,2007-05-01,30.470123,1007.89093,0.845517,2.156115
Laem Chabang Port,2007-06-01,30.979889,1006.226562,1.144126,2.32921
Laem Chabang Port,2007-07-01,30.402496,1007.313721,2.19928,2.198221
Laem Chabang Port,2007-08-01,29.766998,1006.543152,2.659301,1.994016
Laem Chabang Port,2007-09-01,29.259674,1007.36438,1.764999,1.573978
Laem Chabang Port,2007-10-01,28.828522,1009.199402,-0.415406,-0.822689
Laem Chabang Port,2007-11-01,27.976715,1011.154053,-2.458547,-2.630887
Laem Chabang Port,2007-12-01,27.004547,1010.642212,-1.051515,-1.065832
Laem Chabang Port,2008-01-01,27.194244,1011.322815,-0.708373,-0.368758
Laem Chabang Port,2008-02-01,27.842438,1011.619385,-0.704196,0.478126
Laem Chabang Port,2008-03-01,28.449371,1009.695923,-0.084205,2.267712
Laem Chabang Port,2008-04-01,29.952301,1008.142517,0.056791,2.579777
Laem Chabang Port,2008-05-01,30.04483,1006.798767,2.228492,2.428003
Laem Chabang Port,2008-06-01,29.675934,1007.23407,2.166186,2.560282
Laem Chabang Port,2008-07-01,29.214264,1007.158142,2.369247,2.560058
Laem Chabang Port,2008-08-01,29.222809,1007.295654,2.086991,2.069366
Laem Chabang Port,2008-09-01,29.285553,1007.82251,2.279007,1.152415
Laem Chabang Port,2008-10-01,29.712067,1009.464661,-0.719345,-0.268867
Laem Chabang Port,2008-11-01,28.657623,1010.931274,-2.071904,-2.733235
Laem Chabang Port,2008-12-01,26.240387,1012.096558,-1.756361,-3.019299
Laem Chabang Port,2009-01-01,25.879547,1013.532471,-1.197757,-1.605355
Laem Chabang Port,2009-02-01,27.610748,1009.803101,0.527814,2.253368
Laem Chabang Port,2009-03-01,29.097076,1009.810608,0.02959,2.477477
Laem Chabang Port,2009-04-01,30.194489,1008.14624,0.988212,1.209587
Laem Chabang Port,2009-05-01,30.688141,1007.000305,0.452418,1.957637
Laem Chabang Port,2009-06-01,29.852692,1006.996582,2.826623,3.229233
Laem Chabang Port,2009-07-01,29.782623,1007.101868,3.067513,2.061917
Laem Chabang Port,2009-08-01,29.809479,1007.08905,1.958943,1.809193
Laem Chabang Port,2009-09-01,30.010651,1007.609985,2.348658,0.982444
Laem Chabang Port,2009-10-01,29.48526,1009.254395,0.214212,0.083364
Laem Chabang Port,2009-11-01,28.826569,1011.08905,-1.384691,-1.760743
Laem Chabang Port,2009-12-01,27.93399,1011.990967,-0.700354,-0.54354
Laem Chabang Port,2010-01-01,28.230377,1012.511902,-0.491891,0.040834
Laem Chabang Port,2010-02-01,28.714752,1011.209351,0.728276,3.725317
Laem Chabang Port,2010-03-01,29.466705,1010.793762,-0.078351,2.789561
Laem Chabang Port,2010-04-01,30.437164,1009.544373,0.193532,3.730082
Laem Chabang Port,2010-05-01,30.886139,1006.937195,0.697916,3.241419
Laem Chabang Port,2010-06-01,30.335602,1007.250916,1.500404,2.799317
Laem Chabang Port,2010-07-01,29.95816,1007.428772,1.316826,2.614493
Laem Chabang Port,2010-08-01,29.302643,1007.624695,1.789166,2.184477
Laem Chabang Port,2010-09-01,29.757965,1008.304077,0.656735,1.34991
Laem Chabang Port,2010-10-01,29.099274,1008.455017,0.094903,-0.686081
Laem Chabang Port,2010-11-01,27.982574,1010.202515,-1.517504,-2.481861
Laem Chabang Port,2010-12-01,27.67276,1009.28064,-0.885515,-1.125386
Laem Chabang Port,2011-01-01,27.084381,1011.011536,-1.885395,-2.205066
Laem Chabang Port,2011-02-01,27.729645,1010.121277,0.226043,2.163242
Laem Chabang Port,2011-03-01,28.653229,1010.40686,-0.6437,-0.652732
Laem Chabang Port,2011-04-01,28.8815,1009.606567,0.067909,2.145407
Laem Chabang Port,2011-05-01,30.222565,1007.607178,0.960393,2.301092
Laem Chabang Port,2011-06-01,29.73819,1006.66156,2.155019,2.87844
Laem Chabang Port,2011-07-01,28.994293,1006.759705,2.432863,2.604134
Laem Chabang Port,2011-08-01,29.405914,1007.540955,2.235952,1.664129
Laem Chabang Port,2011-09-01,29.012115,1007.580322,2.675856,1.610168
Laem Chabang Port,2011-10-01,28.794342,1009.43689,-0.463391,-0.854993
Laem Chabang Port,2011-11-01,28.956207,1009.998413,-0.948933,-2.331012
Laem Chabang Port,2011-12-01,27.157867,1011.83905,-2.401211,-3.183805
Laem Chabang Port,2012-01-01,27.183014,1010.930298,-0.479928,0.0425
Laem Chabang Port,2012-02-01,28.368073,1009.486572,0.254025,2.096068
Laem Chabang Port,2012-03-01,29.559235,1009.252197,0.133463,2.4458
Laem Chabang Port,2012-04-01,30.184479,1008.62561,0.313307,2.743479
Laem Chabang Port,2012-05-01,30.210602,1006.127197,1.974847,2.775431
Laem Chabang Port,2012-06-01,29.477203,1006.308777,3.153116,3.004561
Laem Chabang Port,2012-07-01,29.017975,1006.842163,2.613755,2.525939
Laem Chabang Port,2012-08-01,28.912994,1007.581848,3.062955,1.901616
Laem Chabang Port,2012-09-01,28.884186,1008.455627,1.73636,0.505033
Laem Chabang Port,2012-10-01,29.952301,1010.097473,-0.209859,-0.417555
Laem Chabang Port,2012-11-01,29.466217,1010.174683,-0.265443,-0.116907
Laem Chabang Port,2012-12-01,29.532379,1010.507507,-0.648465,-1.080194
Laem Chabang Port,2013-01-01,28.41568,1012.315613,-0.53847,-0.023314
Laem Chabang Port,2013-02-01,28.594879,1010.780945,0.255563,0.986693
Laem Chabang Port,2013-03-01,29.415924,1010.436584,0.109284,2.976131
Laem Chabang Port,2013-04-01,30.370758,1008.153137,0.201036,2.687273
Laem Chabang Port,2013-05-01,30.864655,1007.449707,0.941486,2.515884
Laem Chabang Port,2013-06-01,30.161041,1005.972839,1.943443,2.179181
Laem Chabang Port,2013-07-01,29.409821,1006.756592,2.602494,2.061611
Laem Chabang Port,2013-08-01,29.014313,1007.37439,2.465058,2.260146
Laem Chabang Port,2013-09-01,29.186188,1008.00061,1.864151,1.644476
Laem Chabang Port,2013-10-01,29.16153,1010.525024,-0.265627,-0.686883
Laem Chabang Port,2013-11-01,28.693756,1010.618774,-1.524972,-1.919971
Laem Chabang Port,2013-12-01,27.042389,1012.647217,-1.589047,-2.469853
Laem Chabang Port,2014-01-01,25.873199,1014.141846,-1.090505,-1.459431
Laem Chabang Port,2014-02-01,26.935455,1011.164062,0.298741,3.045555
Laem Chabang Port,2014-03-01,28.591461,1011.148438,0.540593,3.55228
Laem Chabang Port,2014-04-01,30.10733,1009.331848,0.050059,3.353848
Laem Chabang Port,2014-05-01,31.058502,1008.180298,1.035784,2.345023
Laem Chabang Port,2014-06-01,30.488678,1006.097473,2.462386,3.358504
Laem Chabang Port,2014-07-01,29.858063,1007.09967,2.866265,2.824743
Laem Chabang Port,2014-08-01,29.520905,1008.496887,1.76795,2.386274
Laem Chabang Port,2014-09-01,29.440826,1008.837158,1.661865,1.658239
Laem Chabang Port,2014-10-01,29.601715,1010.656555,-0.809365,-0.812888
Laem Chabang Port,2014-11-01,29.649811,1010.94751,-0.834397,-1.176192
Laem Chabang Port,2014-12-01,28.215485,1012.480957,-2.087838,-2.738008
Laem Chabang Port,2015-01-01,26.630035,1013.454041,-0.395283,-0.793802
Laem Chabang Port,2015-02-01,27.595367,1012.513123,-0.068527,1.901233
Laem Chabang Port,2015-03-01,28.922516,1011.763123,0.200666,3.262571
Laem Chabang Port,2015-04-01,30.085358,1009.977783,0.092367,2.178573
Laem Chabang Port,2015-05-01,30.527252,1008.311584,1.332623,3.30381
Laem Chabang Port,2015-06-01,30.446442,1007.913452,1.73929,2.637935
Laem Chabang Port,2015-07-01,29.811676,1007.751587,2.692989,3.124909
Laem Chabang Port,2015-08-01,29.434479,1008.27063,2.517987,2.067875
Laem Chabang Port,2015-09-01,29.444244,1009.064087,1.86545,1.102724
Laem Chabang Port,2015-10-01,29.736237,1011.515015,-0.307597,-0.004767
Laem Chabang Port,2015-11-01,30.042877,1011.1922,-1.109552,-1.208055
Laem Chabang Port,2015-12-01,29.374664,1013.080627,-0.691935,-1.254584
Laem Chabang Port,2016-01-01,28.715973,1013.120605,-0.054131,0.776473
Laem Chabang Port,2016-02-01,27.866608,1013.78656,-1.188959,-0.266616
Laem Chabang Port,2016-03-01,28.902985,1011.617188,0.130362,3.532384
Laem Chabang Port,2016-04-01,30.349518,1009.02002,0.372403,4.316242
Laem Chabang Port,2016-05-01,31.201813,1007.849976,1.169468,3.221541
Laem Chabang Port,2016-06-01,30.518463,1008.326233,1.943458,2.703616
Laem Chabang Port,2016-07-01,29.776031,1008.02655,1.600069,2.373523
Laem Chabang Port,2016-08-01,29.696198,1006.495605,2.929839,2.276191
Laem Chabang Port,2016-09-01,29.393219,1007.769714,1.879349,0.999384
Laem Chabang Port,2016-10-01,29.322418,1008.34906,0.630584,-0.152716
Laem Chabang Port,2016-11-01,29.484772,1010.544373,-1.311836,-1.507854
Laem Chabang Port,2016-12-01,28.27774,1011.496887,-1.723321,-2.959599
Laem Chabang Port,2017-01-01,27.637848,1011.454041,-1.167495,-1.611894
Laem Chabang Port,2017-02-01,27.947418,1012.34436,-0.439324,-0.08599
Laem Chabang Port,2017-03-01,29.272858,1010.42688,0.01416,3.008177
Laem Chabang Port,2017-04-01,30.222076,1009.637512,0.067068,2.389405
Laem Chabang Port,2017-05-01,30.866364,1008.055603,0.240242,2.623296
Laem Chabang Port,2017-06-01,30.46817,1007.753723,2.093687,2.298955
Laem Chabang Port,2017-07-01,29.616852,1007.736267,2.934549,2.145909
Laem Chabang Port,2017-08-01,29.708405,1007.44281,2.189488,2.142209
Laem Chabang Port,2017-09-01,30.249176,1008.473145,1.14074,1.632927
Laem Chabang Port,2017-10-01,29.924469,1009.450623,-0.029542,-0.485445
Laem Chabang Port,2017-11-01,28.792389,1009.950317,-1.357711,-2.399778
Laem Chabang Port,2017-12-01,27.460602,1012.489075,-1.667011,-2.567785
Laem Chabang Port,2018-01-01,27.024567,1010.414368,-0.237316,-0.270944
Laem Chabang Port,2018-02-01,27.713287,1012.371582,-0.512261,0.982752
Laem Chabang Port,2018-03-01,29.21402,1010.374084,-0.098638,2.502695
Laem Chabang Port,2018-04-01,29.983063,1009.800598,-0.223205,1.878583
Laem Chabang Port,2018-05-01,30.556305,1009.105957,-0.033875,2.169254
Laem Chabang Port,2018-06-01,30.498199,1007.514709,2.604511,2.88738
Laem Chabang Port,2018-07-01,29.717194,1006.256226,3.503204,2.554002
Laem Chabang Port,2018-08-01,29.202057,1006.864685,3.267456,2.969524
Laem Chabang Port,2018-09-01,29.392975,1008.659668,1.405922,0.928382
Laem Chabang Port,2018-10-01,29.908356,1011.248413,-1.026708,-0.137861
Laem Chabang Port,2018-11-01,29.481598,1011.506592,-0.686083,-1.376447
Laem Chabang Port,2018-12-01,29.002106,1011.776855,-0.775736,-1.737472
Laem Chabang Port,2019-01-01,28.1586,1013.044678,-0.434812,-0.881044
Laem Chabang Port,2019-02-01,28.584137,1012.686584,0.776705,3.439034
Laem Chabang Port,2019-03-01,29.371246,1010.844666,0.258003,3.984082
Laem Chabang Port,2019-04-01,30.673737,1009.075928,0.250066,3.765676
Laem Chabang Port,2019-05-01,31.145172,1007.673462,1.276195,2.092525
Laem Chabang Port,2019-06-01,30.480377,1007.512512,1.970293,2.832853
Laem Chabang Port,2019-07-01,30.012604,1007.9375,2.654671,1.939168
Laem Chabang Port,2019-08-01,29.453766,1007.060303,3.513781,2.640818
Laem Chabang Port,2019-09-01,29.334625,1010.000916,1.276979,0.578103
Laem Chabang Port,2019-10-01,30.174225,1010.52124,-0.860172,-0.114805
Laem Chabang Port,2019-11-01,29.484283,1011.2453,-1.311533,-1.458055
Laem Chabang Port,2019-12-01,27.767487,1013.180908,-1.287015,-1.459337
Laem Chabang Port,2020-01-01,28.446198,1012.100952,0.259371,1.407746
Laem Chabang Port,2020-02-01,28.491364,1013.052185,-0.270348,1.430285
Laem Chabang Port,2020-03-01,29.261627,1010.615295,0.366828,4.056694
Laem Chabang Port,2020-04-01,30.384674,1010.872192,0.128461,2.747723
Laem Chabang Port,2020-05-01,31.05191,1008.584045,0.714147,3.203794
Laem Chabang Port,2020-06-01,30.762848,1007.922791,1.49068,2.785888
Laem Chabang Port,2020-07-01,30.407135,1007.658142,1.056811,2.147717
Laem Chabang Port,2020-08-01,29.839508,1007.221863,2.034769,2.430155
Laem Chabang Port,2020-09-01,29.824615,1008.094666,1.325624,2.078325
Laem Chabang Port,2020-10-01,29.178131,1008.28717,-0.12201,-1.243769
Laem Chabang Port,2020-11-01,28.731354,1011.710022,-1.846689,-2.31451
Laem Chabang Port,2020-12-01,27.632721,1011.955017,-1.556119,-2.356201
Laem Chabang Port,2021-01-01,26.532867,1012.327515,-1.189369,-1.449293
Laem Chabang Port,2021-02-01,27.565582,1011.630615,-0.137744,1.273089
Laem Chabang Port,2021-03-01,28.991119,1010.393433,0.471951,3.020673
Laem Chabang Port,2021-04-01,30.229889,1009.746277,0.212533,1.877236
Laem Chabang Port,2021-05-01,30.972076,1008.125,0.955339,2.185686
Laem Chabang Port,2021-06-01,30.673737,1008.100952,2.687485,2.539002
Laem Chabang Port,2021-07-01,30.174957,1007.238464,2.512136,2.454863
Laem Chabang Port,2021-08-01,29.58902,1008.411255,1.994545,2.572936
Laem Chabang Port,2021-09-01,29.388092,1008.350952,1.509337,1.155674
Laem Chabang Port,2021-10-01,29.581207,1009.216858,0.237717,-0.039541
Laem Chabang Port,2021-11-01,29.339264,1010.500305,-1.951442,-2.099258
Laem Chabang Port,2021-12-01,27.29483,1013.456238,-1.877172,-2.707708
Laem Chabang Port,2022-01-01,27.81192,1012.038757,0.180036,0.64161
Laem Chabang Port,2022-02-01,28.722809,1011.053101,-0.481203,0.556674
Laem Chabang Port,2022-03-01,29.545563,1009.27002,0.217989,2.482545
Laem Chabang Port,2022-04-01,30.00235,1009.123413,-0.634028,0.927023
Laem Chabang Port,2022-05-01,30.450592,1007.428467,0.954628,1.499773
Laem Chabang Port,2022-06-01,30.241608,1007.637207,1.569696,2.270391
Laem Chabang Port,2022-07-01,29.91983,1006.554688,2.263087,2.163695
Laem Chabang Port,2022-08-01,29.692047,1007.340942,1.909386,2.238902
Laem Chabang Port,2022-09-01,29.733307,1008.132202,1.770167,1.127052
Laem Chabang Port,2022-10-01,29.15274,1010.38562,-1.459033,-1.465097
Laem Chabang Port,2022-11-01,28.678619,1010.300293,-0.866244,-0.92093
Laem Chabang Port,2022-12-01,28.065338,1011.891846,-2.077554,-2.413335
Laem Chabang Port,2023-01-01,26.827789,1012.440613,-1.476697,-2.192679
Laem Chabang Port,2023-02-01,27.389313,1011.867493,-0.183794,0.291252
Laem Chabang Port,2023-03-01,28.462555,1011.319702,0.189017,2.41955
Laem Chabang Port,2023-04-01,30.208893,1008.335632,0.180624,3.364956
Laem Chabang Port,2023-05-01,31.103424,1007.980652,1.091743,2.138034
Laem Chabang Port,2023-06-01,30.498688,1007.47345,2.437403,2.611906
Laem Chabang Port,2023-07-01,30.236481,1007.70282,2.720547,1.999165
Laem Chabang Port,2023-08-01,29.876862,1008.138733,2.869176,2.423717
Laem Chabang Port,2023-09-01,29.871979,1008.11908,1.98899,1.856179
Laem Chabang Port,2023-10-01,29.850494,1010.970337,0.08185,-0.354379
Laem Chabang Port,2023-11-01,29.531647,1012.184692,-1.639698,-2.21649
Laem Chabang Port,2023-12-01,28.79068,1012.882812,-1.444862,-2.057995
Laem Chabang Port,2024-01-01,28.404205,1012.94342,-0.082517,-0.21755
Laem Chabang Port,2024-02-01,28.991364,1012.921265,0.37026,2.687899
Laem Chabang Port,2024-03-01,29.886383,1011.213745,0.423865,3.591602
Laem Chabang Port,2024-04-01,30.945953,1007.940002,0.431545,4.461136
Laem Chabang Port,2024-05-01,31.443512,1007.837158,0.404714,2.559399
Laem Chabang Port,2024-06-01,30.75528,1007.856873,2.339881,2.56682
Laem Chabang Port,2024-07-01,29.644196,1007.198425,2.201312,2.482447
Laem Chabang Port,2024-08-01,30.11026,1008.533142,1.320488,1.611836
Laem Chabang Port,2024-09-01,30.006256,1007.107178,2.08651,1.380424
Laem Chabang Port,2024-10-01,30.267242,1009.779053,-0.237861,-0.132809
Laem Chabang Port,2024-11-01,29.85733,1010.78186,-2.036561,-2.251157
Laem Chabang Port,2024-12-01,28.039215,1011.664978,-1.956922,-2.96542
Upper Gulf Offshore,1993-01-01,27.208649,1012.798096,-0.330671,0.3614
Upper Gulf Offshore,1993-02-01,27.203766,1012.8078,-0.155857,2.554326
Upper Gulf Offshore,1993-03-01,28.418121,1011.008423,0.029671,4.74771
Upper Gulf Offshore,1993-04-01,29.60733,1009.678467,-0.405152,4.385395
Upper Gulf Offshore,1993-05-01,30.591461,1008.39093,0.338316,4.765118
Upper Gulf Offshore,1993-06-01,30.633209,1007.625,2.653543,3.347226
Upper Gulf Offshore,1993-07-01,30.251617,1006.881592,3.821529,3.045725
Upper Gulf Offshore,1993-08-01,29.795074,1008.643127,3.985838,3.330836
Upper Gulf Offshore,1993-09-01,29.495026,1008.908752,2.705506,1.953393
Upper Gulf Offshore,1993-10-01,28.922272,1011.423462,-1.24816,-1.436415
Upper Gulf Offshore,1993-11-01,28.698883,1011.012817,-1.07752,-3.174816
Upper Gulf Offshore,1993-12-01,27.654938,1013.0578,-1.736074,-5.346532
Upper Gulf Offshore,1994-01-01,26.713287,1011.719971,0.177815,1.098107
Upper Gulf Offshore,1994-02-01,27.986969,1009.987183,-0.06037,4.623746
Upper Gulf Offshore,1994-03-01,28.587311,1011.284973,-0.337295,3.093579
Upper Gulf Offshore,1994-04-01,29.887115,1008.516235,-0.146764,4.339492
Upper Gulf Offshore,1994-05-01,30.113434,1007.221558,1.881489,3.147401
Upper Gulf Offshore,1994-06-01,29.875153,1006.453735,3.838165,4.070539
Upper Gulf Offshore,1994-07-01,29.095367,1006.65625,4.54499,3.593503
Upper Gulf Offshore,1994-08-01,28.740631,1007.784058,3.728136,3.367043
Upper Gulf Offshore,1994-09-01,28.734283,1008.754089,2.621729,1.837276
Upper Gulf Offshore,1994-10-01,28.990875,1011.465027,-0.88364,-1.81071
Upper Gulf Offshore,1994-11-01,27.965729,1012.340637,-1.854978,-3.8473
Upper Gulf Offshore,1994-12-01,27.945465,1012.672485,-0.785758,-2.574716
Upper Gulf Offshore,1995-01-01,27.314117,1013.092834,-0.64353,-0.154373
Upper Gulf Offshore,1995-02-01,27.57608,1012.244995,-0.878652,2.856117
Upper Gulf Offshore,1995-03-01,28.848541,1010.148743,-0.222878,4.939529
Upper Gulf Offshore,1995-04-01,30.108551,1008.954041,-0.243233,5.410131
Upper Gulf Offshore,1995-05-01,30.675201,1007.928772,0.90524,3.775551
Upper Gulf Offshore,1995-06-01,30.245026,1006.803772,3.142555,3.600174
Upper Gulf Offshore,1995-07-01,29.322662,1006.940308,2.618759,3.828053
Upper Gulf Offshore,1995-08-01,28.969147,1007.082825,2.83674,3.570848
Upper Gulf Offshore,1995-09-01,28.760162,1008.381592,2.160596,1.533389
Upper Gulf Offshore,1995-10-01,28.986237,1009.106262,0.340294,-2.354978
Upper Gulf Offshore,1995-11-01,28.512115,1010.881226,-1.333664,-4.023884
Upper Gulf Offshore,1995-12-01,27.080475,1013.709351,-1.22058,-5.086
Upper Gulf Offshore,1996-01-01,26.22403,1011.479065,0.234126,0.630084
Upper Gulf Offshore,1996-02-01,26.779938,1011.689392,-0.909306,-0.200547
Upper Gulf Offshore,1996-03-01,27.976715,1009.503723,-0.098296,5.190415
Upper Gulf Offshore,1996-04-01,29.622467,1008.329346,-0.142219,3.962322
Upper Gulf Offshore,1996-05-01,29.964264,1008.016846,1.391244,2.816359
Upper Gulf Offshore,1996-06-01,30.394196,1007.974976,1.619134,3.188363
Upper Gulf Offshore,1996-07-01,30.467926,1007.138733,3.095744,4.063758
Upper Gulf Offshore,1996-08-01,29.781158,1007.868103,2.699387,2.91707
Upper Gulf Offshore,1996-09-01,29.51651,1006.68689,2.769506,2.05103
Upper Gulf Offshore,1996-10-01,29.446442,1009.609985,-0.216447,-1.618323
Upper Gulf Offshore,1996-11-01,28.735016,1009.90564,-0.795297,-2.717556
Upper Gulf Offshore,1996-12-01,27.189362,1012.60968,-0.791618,-4.931487
Upper Gulf Offshore,1997-01-01,26.61734,1012.755615,-0.00311,0.497375
Upper Gulf Offshore,1997-02-01,27.875885,1010.44281,-0.171449,3.015654
Upper Gulf Offshore,1997-03-01,28.897125,1011.299683,-0.028134,4.668644
Upper Gulf Offshore,1997-04-01,30.141754,1010.242493,0.169634,3.51892
Upper Gulf Offshore,1997-05-01,30.652496,1007.819397,2.340579,3.91795
Upper Gulf Offshore,1997-06-01,30.276764,1007.90625,2.978091,3.64664
Upper Gulf Offshore,1997-07-01,29.216705,1007.674683,4.228781,3.724853
Upper Gulf Offshore,1997-08-01,28.978668,1007.96936,4.258447,3.302434
Upper Gulf Offshore,1997-09-01,29.828033,1010.522827,1.397412,1.66527
Upper Gulf Offshore,1997-10-01,30.065338,1012.256592,-0.593897,-0.646901
Upper Gulf Offshore,1997-11-01,29.389801,1012.502197,-0.752914,-1.625251
Upper Gulf Offshore,1997-12-01,29.065826,1012.871277,-0.733772,-1.555695
Upper Gulf Offshore,1998-01-01,28.996002,1012.405334,0.382937,2.065841
Upper Gulf Offshore,1998-02-01,29.338531,1012.428101,0.181395,4.982478
Upper Gulf Offshore,1998-03-01,29.847076,1010.851257,0.106623,5.134575
Upper Gulf Offshore,1998-04-01,30.608063,1009.671875,-0.284857,5.531574
Upper Gulf Offshore,1998-05-01,31.581451,1007.921265,1.159399,4.450491
Upper Gulf Offshore,1998-06-01,30.537018,1007.068726,2.961284,3.585718
Upper Gulf Offshore,1998-07-01,30.640778,1007.643433,2.038782,3.311321
Upper Gulf Offshore,1998-08-01,30.412994,1008.476562,1.817261,2.581614
Upper Gulf Offshore,1998-09-01,29.90567,1008.163757,2.160967,1.296317
Upper Gulf Offshore,1998-10-01,29.948883,1009.032837,-0.559063,-0.536097
Upper Gulf Offshore,1998-11-01,29.096588,1009.751892,-0.85741,-3.719492
Upper Gulf Offshore,1998-12-01,27.33902,1011.946228,-1.331992,-4.405475
Upper Gulf Offshore,1999-01-01,26.978668,1010.340332,-0.588267,-1.954872
Upper Gulf Offshore,1999-02-01,28.003815,1012.08252,-0.30016,0.535468
Upper Gulf Offshore,1999-03-01,28.878815,1006.836853,-0.106858,4.182446
Upper Gulf Offshore,1999-04-01,29.863678,1007.405029,1.168947,2.637074
Upper Gulf Offshore,1999-05-01,29.820709,1007.835327,1.986557,2.849767
Upper Gulf Offshore,1999-06-01,29.239166,1007.366272,3.451625,2.789176
Upper Gulf Offshore,1999-07-01,29.063873,1006.320923,3.765311,3.472839
Upper Gulf Offshore,1999-08-01,28.627838,1008.169678,2.978742,2.738108
Upper Gulf Offshore,1999-09-01,29.228912,1008.149658,1.963373,2.005423
Upper Gulf Offshore,1999-10-01,29.431061,1009.425293,-0.805446,-0.18851
Upper Gulf Offshore,1999-11-01,28.562408,1010.594971,-0.890554,-3.86454
Upper Gulf Offshore,1999-12-01,26.160309,1012.973145,-1.599508,-6.839759
Upper Gulf Offshore,2000-01-01,26.514313,1011.373413,-0.291461,-0.287121
Upper Gulf Offshore,2000-02-01,26.736237,1010.276245,-0.097951,0.830837
Upper Gulf Offshore,2000-03-01,28.71524,1009.034973,-0.121346,3.054721
Upper Gulf Offshore,2000-04-01,29.642731,1007.921265,0.012196,3.578256
Upper Gulf Offshore,2000-05-01,30.062408,1007.247803,2.486799,2.77872
Upper Gulf Offshore,2000-06-01,29.311432,1007.227478,2.584661,3.094184
Upper Gulf Offshore,2000-07-01,28.986237,1006.217834,3.102641,2.892913
Upper Gulf Offshore,2000-08-01,29.246979,1006.857178,3.632895,2.759745
Upper Gulf Offshore,2000-09-01,28.852692,1008.66626,1.467419,2.059655
Upper Gulf Offshore,2000-10-01,29.254059,1008.518433,0.782568,-0.009228
Upper Gulf Offshore,2000-11-01,28.180573,1010.40686,-1.687721,-4.79192
Upper Gulf Offshore,2000-12-01,28.107574,1010.643738,-0.946709,-3.964994
Upper Gulf Offshore,2001-01-01,27.561188,1010.131226,-0.0791,1.327562
Upper Gulf Offshore,2001-02-01,28.253082,1009.744385,-0.272691,2.552638
Upper Gulf Offshore,2001-03-01,28.889069,1009.354675,-0.500675,2.008545
Upper Gulf Offshore,2001-04-01,30.450104,1008.429077,0.014467,4.075346
Upper Gulf Offshore,2001-05-01,30.827301,1007.325928,2.802248,3.706762
Upper Gulf Offshore,2001-06-01,30.334869,1006.872498,3.758023,2.496735
Upper Gulf Offshore,2001-07-01,29.460602,1006.83252,3.571585,3.460554
Upper Gulf Offshore,2001-08-01,29.3815,1006.934692,4.052799,2.351068
Upper Gulf Offshore,2001-09-01,29.688385,1008.284058,2.031215,1.657252
Upper Gulf Offshore,2001-10-01,29.777496,1009.651245,-0.435649,-0.658186
Upper Gulf Offshore,2001-11-01,28.424225,1012.133728,-2.023147,-4.748258
Upper Gulf Offshore,2001-12-01,27.225739,1013.504395,-1.068273,-4.055191
Upper Gulf Offshore,2002-01-01,26.212067,1012.73407,-0.19146,-0.82897
Upper Gulf Offshore,2002-02-01,27.244537,1012.88092,0.411909,4.338444
Upper Gulf Offshore,2002-03-01,28.348541,1010.06781,-0.103045,4.013517
Upper Gulf Offshore,2002-04-01,29.91153,1008.628418,-0.359676,4.39947
Upper Gulf Offshore,2002-05-01,30.155182,1007.618408,1.933155,4.0551
Upper Gulf Offshore,2002-06-01,29.629059,1007.187805,3.140667,3.173149
Upper Gulf Offshore,2002-07-01,29.667389,1007.080933,4.063351,3.48247
Upper Gulf Offshore,2002-08-01,29.145416,1007.754089,3.918994,2.499916
Upper Gulf Offshore,2002-09-01,29.058746,1008.847473,3.03681,1.792984
Upper Gulf Offshore,2002-10-01,29.709137,1010.03064,-0.30077,-0.776337
Upper Gulf Offshore,2002-11-01,29.080475,1011.331543,-0.968821,-3.025667
Upper Gulf Offshore,2002-12-01,28.87735,1011.969971,-0.282145,-2.116865
Upper Gulf Offshore,2003-01-01,28.277008,1013.440308,-0.737816,-1.679359
Upper Gulf Offshore,2003-02-01,28.28653,1011.609375,-0.124927,2.421057
Upper Gulf Offshore,2003-03-01,29.274811,1010.719055,-0.310927,2.797522
Upper Gulf Offshore,2003-04-01,30.414459,1008.852173,-0.068612,4.372985
Upper Gulf Offshore,2003-05-01,30.720123,1007.27124,2.421628,2.794028
Upper Gulf Offshore,2003-06-01,30.147369,1007.420654,2.476661,2.750076
Upper Gulf Offshore,2003-07-01,29.908356,1007.950623,2.710342,2.283046
Upper Gulf Offshore,2003-08-01,29.455719,1007.283142,3.578712,2.663832
Upper Gulf Offshore,2003-09-01,29.225739,1008.170959,2.555422,1.53526
Upper Gulf Offshore,2003-10-01,29.312653,1010.244995,-1.289732,-1.512114
Upper Gulf Offshore,2003-11-01,29.206696,1011.160339,-0.614752,-2.522446
Upper Gulf Offshore,2003-12-01,27.409332,1013.293762,-1.304809,-4.746936
Upper Gulf Offshore,2004-01-01,27.048981,1012.198425,0.101366,-0.245564
Upper Gulf Offshore,2004-02-01,27.471344,1011.738464,-0.446522,2.142878
Upper Gulf Offshore,2004-03-01,28.673004,1009.841553,-0.245731,4.170695
Upper Gulf Offshore,2004-04-01,30.570221,1008.655945,-0.100303,4.954571
Upper Gulf Offshore,2004-05-01,30.648834,1007.610596,1.830471,3.390664
Upper Gulf Offshore,2004-06-01,30.247955,1007.598755,3.698062,2.703648
Upper Gulf Offshore,2004-07-01,29.883209,1007.409058,2.655984,2.422879
Upper Gulf Offshore,2004-08-01,29.291168,1007.33313,3.658563,2.911886
Upper Gulf Offshore,2004-09-01,29.851715,1009.641846,0.999813,1.570953
Upper Gulf Offshore,2004-10-01,29.785065,1011.640625,-1.676981,-2.201155
Upper Gulf Offshore,2004-11-01,29.311432,1011.66626,-1.353019,-2.497629
Upper Gulf Offshore,2004-12-01,27.627594,1012.299072,-0.478574,-3.663797
Upper Gulf Offshore,2005-01-01,27.14444,1012.20813,-0.145734,1.345152
Upper Gulf Offshore,2005-02-01,28.383209,1011.662476,0.020838,5.57907
Upper Gulf Offshore,2005-03-01,28.572906,1011.608459,-0.567467,3.938366
Upper Gulf Offshore,2005-04-01,30.069244,1010.412842,-0.453363,3.936861
Upper Gulf Offshore,2005-05-01,30.672272,1007.079041,1.569807,3.724052
Upper Gulf Offshore,2005-06-01,30.180328,1006.254089,3.416755,4.302255
Upper Gulf Offshore,2005-07-01,29.866608,1007.638733,3.536917,2.611302
Upper Gulf Offshore,2005-08-01,29.119049,1007.454346,3.216745,2.864807
Upper Gulf Offshore,2005-09-01,29.553375,1008.280029,2.434161,2.335878
Upper Gulf Offshore,2005-10-01,29.525299,1010.330017,-1.210423,-2.073028
Upper Gulf Offshore,2005-11-01,28.819,1010.882507,-1.007917,-2.500524
Upper Gulf Offshore,2005-12-01,27.034576,1011.891235,-2.01246,-4.894438
Upper Gulf Offshore,2006-01-01,26.976715,1011.44873,-0.673557,-0.733184
Upper Gulf Offshore,2006-02-01,28.212067,1011.499084,0.069367,1.034937
Upper Gulf Offshore,2006-03-01,29.281647,1009.663147,-0.057004,4.110232
Upper Gulf Offshore,2006-04-01,30.43277,1008.759033,-0.099439,4.157085
Upper Gulf Offshore,2006-05-01,31.011871,1008.336548,1.614483,3.084181
Upper Gulf Offshore,2006-06-01,30.319489,1007.41095,2.354694,2.48452
Upper Gulf Offshore,2006-07-01,29.576813,1007.171875,4.248199,3.338523
Upper Gulf Offshore,2006-08-01,29.042877,1007.227173,4.036697,2.354234
Upper Gulf Offshore,2006-09-01,29.702545,1008.854065,2.393753,1.536388
Upper Gulf Offshore,2006-10-01,29.441559,1010.798767,0.487656,-0.609649
Upper Gulf Offshore,2006-11-01,29.524567,1010.586548,-0.274199,-0.412836
Upper Gulf Offshore,2006-12-01,28.558502,1012.27533,-1.207625,-4.503002
Upper Gulf Offshore,2007-01-01,26.753815,1013.09845,-0.44829,-2.575653
Upper Gulf Offshore,2007-02-01,27.27652,1011.731262,-0.199733,3.245664
Upper Gulf Offshore,2007-03-01,28.857574,1009.533752,-0.316037,4.930845
Upper Gulf Offshore,2007-04-01,30.393463,1009.686584,-0.686613,3.743162
Upper Gulf Offshore,2007-05-01,30.337799,1007.827515,1.660947,2.990953
Upper Gulf Offshore,2007-06-01,30.881989,1006.192505,2.056479,2.739367
Upper Gulf Offshore,2007-07-01,30.192047,1007.34845,3.16449,2.81724
Upper Gulf Offshore,2007-08-01,29.602692,1006.620605,3.651732,2.528684
Upper Gulf Offshore,2007-09-01,29.433746,1007.404663,2.531357,1.919926
Upper Gulf Offshore,2007-10-01,28.96817,1009.147827,-0.089967,-1.920589
Upper Gulf Offshore,2007-11-01,28.118805,1011.004395,-2.655446,-4.493314
Upper Gulf Offshore,2007-12-01,27.335358,1010.601257,-0.290895,-1.842199
Upper Gulf Offshore,2008-01-01,27.323883,1011.283142,-0.437255,-0.840682
Upper Gulf Offshore,2008-02-01,27.755768,1011.542175,-0.383151,1.107886
Upper Gulf Offshore,2008-03-01,28.567535,1009.658447,-0.318458,3.375134
Upper Gulf Offshore,2008-04-01,29.937653,1008.064697,-0.316622,3.695255
Upper Gulf Offshore,2008-05-01,30.035797,1006.84375,3.435523,2.915674
Upper Gulf Offshore,2008-06-01,29.605133,1007.280945,2.864673,3.027323
Upper Gulf Offshore,2008-07-01,29.303619,1007.211853,3.033066,3.186034
Upper Gulf Offshore,2008-08-01,29.390045,1007.324036,2.551347,2.532012
Upper Gulf Offshore,2008-09-01,29.456451,1007.884033,3.112137,1.566722
Upper Gulf Offshore,2008-10-01,29.708649,1009.397522,-0.514389,-0.778755
Upper Gulf Offshore,2008-11-01,28.750885,1010.73407,-2.258061,-5.059529
Upper Gulf Offshore,2008-12-01,26.456696,1011.992798,-0.918104,-5.464123
Upper Gulf Offshore,2009-01-01,25.851959,1013.445618,-0.888431,-2.95411
Upper Gulf Offshore,2009-02-01,27.331451,1009.799683,0.278058,3.094555
Upper Gulf Offshore,2009-03-01,28.933258,1009.752808,-0.373975,3.433043
Upper Gulf Offshore,2009-04-01,30.206207,1008.140625,0.680106,1.791985
Upper Gulf Offshore,2009-05-01,30.712799,1006.941589,1.162257,2.376826
Upper Gulf Offshore,2009-06-01,29.528717,1007.044678,3.834069,3.733383
Upper Gulf Offshore,2009-07-01,29.677155,1007.188416,3.878914,2.501004
Upper Gulf Offshore,2009-08-01,29.568756,1007.137207,2.397786,2.147327
Upper Gulf Offshore,2009-09-01,29.669098,1007.661255,3.240015,1.593284
Upper Gulf Offshore,2009-10-01,29.222321,1009.203735,0.99766,-0.091806
Upper Gulf Offshore,2009-11-01,28.827057,1010.944702,-1.500658,-3.332643
Upper Gulf Offshore,2009-12-01,28.041656,1011.952209,-0.347448,-1.066001
Upper Gulf Offshore,2010-01-01,28.324615,1012.44342,-0.608956,0.042299
Upper Gulf Offshore,2010-02-01,28.729401,1011.177185,0.489018,5.273779
Upper Gulf Offshore,2010-03-01,29.486237,1010.743103,-0.182111,3.847667
Upper Gulf Offshore,2010-04-01,30.539703,1009.470337,-0.253489,5.053934
Upper Gulf Offshore,2010-05-01,31.241608,1006.897827,0.719034,4.133753
Upper Gulf Offshore,2010-06-01,30.37735,1007.254395,2.271889,3.247437
Upper Gulf Offshore,2010-07-01,30.302643,1007.404358,2.332939,3.001456
Upper Gulf Offshore,2010-08-01,29.497467,1007.632202,2.753522,2.679228
Upper Gulf Offshore,2010-09-01,29.956451,1008.236572,1.218869,1.42364
Upper Gulf Offshore,2010-10-01,29.217194,1008.389038,0.351495,-1.045578
Upper Gulf Offshore,2010-11-01,28.182281,1010.08252,-1.266771,-4.685841
Upper Gulf Offshore,2010-12-01,27.907135,1009.189392,-0.704729,-2.474263
Upper Gulf Offshore,2011-01-01,27.338043,1010.94751,-1.086201,-3.811511
Upper Gulf Offshore,2011-02-01,27.792145,1010.06311,-0.099397,3.334385
Upper Gulf Offshore,2011-03-01,28.573151,1010.267517,-0.73513,-1.410911
Upper Gulf Offshore,2011-04-01,28.688873,1009.526855,-0.25753,2.96401
Upper Gulf Offshore,2011-05-01,30.182526,1007.55188,1.530339,2.784979
Upper Gulf Offshore,2011-06-01,29.757477,1006.675598,3.197499,3.389182
Upper Gulf Offshore,2011-07-01,29.090485,1006.818726,3.276857,3.176888
Upper Gulf Offshore,2011-08-01,29.392487,1007.565918,2.827139,2.262152
Upper Gulf Offshore,2011-09-01,28.959381,1007.648743,3.579176,2.34137
Upper Gulf Offshore,2011-10-01,28.720612,1009.36499,-0.016858,-1.907361
Upper Gulf Offshore,2011-11-01,29.050934,1009.930908,-0.602009,-4.154376
Upper Gulf Offshore,2011-12-01,27.412018,1011.68811,-1.659389,-5.66818
Upper Gulf Offshore,2012-01-01,27.200348,1010.862488,-0.447457,-0.176738
Upper Gulf Offshore,2012-02-01,28.247955,1009.430603,-0.148929,3.18225
Upper Gulf Offshore,2012-03-01,29.395905,1009.184998,-0.115683,3.312133
Upper Gulf Offshore,2012-04-01,30.302399,1008.587158,0.260328,3.381418
Upper Gulf Offshore,2012-05-01,30.284576,1006.164673,2.958978,3.150431
Upper Gulf Offshore,2012-06-01,29.485992,1006.398743,4.036173,3.564254
Upper Gulf Offshore,2012-07-01,28.942291,1006.900024,3.274034,3.089904
Upper Gulf Offshore,2012-08-01,28.779938,1007.685608,3.577847,2.387822
Upper Gulf Offshore,2012-09-01,28.897125,1008.487488,2.506623,0.769925
Upper Gulf Offshore,2012-10-01,29.924469,1010.046875,0.213481,-0.985792
Upper Gulf Offshore,2012-11-01,29.559235,1010.095947,-0.466615,-0.129358
Upper Gulf Offshore,2012-12-01,29.563629,1010.409668,-0.333768,-2.197504
Upper Gulf Offshore,2013-01-01,28.558502,1012.22998,-0.667499,-0.155272
Upper Gulf Offshore,2013-02-01,28.546783,1010.747498,0.276193,1.406737
Upper Gulf Offshore,2013-03-01,29.387848,1010.360291,-0.238738,4.057796
Upper Gulf Offshore,2013-04-01,30.281403,1008.093445,0.114244,3.456316
Upper Gulf Offshore,2013-05-01,30.859772,1007.424072,1.337482,2.980362
Upper Gulf Offshore,2013-06-01,30.066071,1005.977173,2.997276,2.725934
Upper Gulf Offshore,2013-07-01,29.353424,1006.829346,3.679765,2.590054
Upper Gulf Offshore,2013-08-01,29.045319,1007.42627,3.346772,2.842666
Upper Gulf Offshore,2013-09-01,29.177155,1008.008423,2.472794,2.057074
Upper Gulf Offshore,2013-10-01,29.154938,1010.450012,0.2218,-1.08471
Upper Gulf Offshore,2013-11-01,28.928375,1010.476868,-1.695504,-3.480029
Upper Gulf Offshore,2013-12-01,27.243317,1012.508423,-1.189389,-4.988042
Upper Gulf Offshore,2014-01-01,26.098541,1014.086243,-0.823903,-2.78072
Upper Gulf Offshore,2014-02-01,26.830231,1011.129089,-0.044642,4.290672
Upper Gulf Offshore,2014-03-01,28.354889,1011.133728,0.101262,5.029819
Upper Gulf Offshore,2014-04-01,29.978912,1009.263123,-0.293691,4.36276
Upper Gulf Offshore,2014-05-01,30.977936,1008.183777,0.986589,2.854545
Upper Gulf Offshore,2014-06-01,30.313873,1006.106873,3.50804,3.963119
Upper Gulf Offshore,2014-07-01,29.728424,1007.186279,3.850396,3.461706
Upper Gulf Offshore,2014-08-01,29.425201,1008.503723,2.513922,2.764326
Upper Gulf Offshore,2014-09-01,29.480621,1008.85437,2.33606,2.045691
Upper Gulf Offshore,2014-10-01,29.572418,1010.565308,-0.843911,-1.620872
Upper Gulf Offshore,2014-11-01,29.680573,1010.868408,-0.61638,-2.302535
Upper Gulf Offshore,2014-12-01,28.267487,1012.340942,-1.781686,-5.008515
Upper Gulf Offshore,2015-01-01,26.72525,1013.425598,-0.014668,-1.805399
Upper Gulf Offshore,2015-02-01,27.587311,1012.48999,0.091995,3.003406
Upper Gulf Offshore,2015-03-01,28.785797,1011.713745,-0.167986,4.466063
Upper Gulf Offshore,2015-04-01,29.874176,1009.92688,-0.222086,2.967879
Upper Gulf Offshore,2015-05-01,30.555328,1008.309692,2.099712,3.659401
Upper Gulf Offshore,2015-06-01,30.147858,1007.935913,2.420198,3.058955
Upper Gulf Offshore,2015-07-01,29.703766,1007.808777,3.494869,3.813874
Upper Gulf Offshore,2015-08-01,29.292877,1008.358154,3.20622,2.547245
Upper Gulf Offshore,2015-09-01,29.368317,1009.109985,2.642916,1.621035
Upper Gulf Offshore,2015-10-01,29.739899,1011.428772,0.046041,-0.382575
Upper Gulf Offshore,2015-11-01,30.098297,1011.097168,-1.271906,-2.189012
Upper Gulf Offshore,2015-12-01,29.503571,1012.99469,-0.79484,-2.217475
Upper Gulf Offshore,2016-01-01,28.833405,1012.993103,-0.249931,0.899398
Upper Gulf Offshore,2016-02-01,27.816803,1013.691223,-1.103022,-0.506484
Upper Gulf Offshore,2016-03-01,28.857086,1011.586243,-0.265879,4.835118
Upper Gulf Offshore,2016-04-01,30.236969,1009.002502,-0.073398,5.383381
Upper Gulf Offshore,2016-05-01,31.18985,1007.83783,1.357822,4.236434
Upper Gulf Offshore,2016-06-01,30.351959,1008.318115,2.808814,3.291018
Upper Gulf Offshore,2016-07-01,29.832672,1008.018433,2.246675,2.981067
Upper Gulf Offshore,2016-08-01,29.602936,1006.594971,3.727569,2.734809
Upper Gulf Offshore,2016-09-01,29.319489,1007.8078,2.667557,1.346308
Upper Gulf Offshore,2016-10-01,29.363922,1008.324707,1.290008,-0.272955
Upper Gulf Offshore,2016-11-01,29.51944,1010.427185,-1.191231,-2.767375
Upper Gulf Offshore,2016-12-01,28.340485,1011.359375,-1.407281,-5.309818
Upper Gulf Offshore,2017-01-01,27.6315,1011.369385,-0.462783,-3.068803
Upper Gulf Offshore,2017-02-01,27.973053,1012.316589,-0.141961,-0.333182
Upper Gulf Offshore,2017-03-01,29.173981,1010.378723,-0.197144,4.055418
Upper Gulf Offshore,2017-04-01,30.132965,1009.597168,-0.086618,3.100953
Upper Gulf Offshore,2017-05-01,30.923004,1007.934387,0.854256,3.662847
Upper Gulf Offshore,2017-06-01,30.360504,1007.764038,3.065123,3.035405
Upper Gulf Offshore,2017-07-01,29.703766,1007.805908,4.001566,2.787145
Upper Gulf Offshore,2017-08-01,29.741852,1007.486877,2.981969,2.683957
Upper Gulf Offshore,2017-09-01,30.275543,1008.429382,1.832757,2.051384
Upper Gulf Offshore,2017-10-01,29.928864,1009.35437,0.296508,-0.895113
Upper Gulf Offshore,2017-11-01,28.80069,1009.816223,-1.474532,-4.403929
Upper Gulf Offshore,2017-12-01,27.525787,1012.331543,-1.477192,-4.8057
Upper Gulf Offshore,2018-01-01,26.988678,1010.344666,-0.1703,-0.727975
Upper Gulf Offshore,2018-02-01,27.636871,1012.29657,-0.748834,1.62118
Upper Gulf Offshore,2018-03-01,28.980865,1010.275024,-0.342046,3.609018
Upper Gulf Offshore,2018-04-01,29.813141,1009.684387,-0.437804,2.66435
Upper Gulf Offshore,2018-05-01,30.785309,1008.97406,0.283996,2.840519
Upper Gulf Offshore,2018-06-01,30.423981,1007.562195,3.749043,3.435964
Upper Gulf Offshore,2018-07-01,29.70401,1006.3797,4.775543,3.055955
Upper Gulf Offshore,2018-08-01,29.180573,1006.955322,4.456665,3.551556
Upper Gulf Offshore,2018-09-01,29.234528,1008.672485,2.047157,1.180823
Upper Gulf Offshore,2018-10-01,29.997955,1011.135315,-0.996556,-0.441816
Upper Gulf Offshore,2018-11-01,29.548981,1011.437805,-0.383959,-2.709699
Upper Gulf Offshore,2018-12-01,28.997223,1011.700317,-0.566996,-3.10234
Upper Gulf Offshore,2019-01-01,28.057281,1013.005615,-0.041135,-1.474672
Upper Gulf Offshore,2019-02-01,28.560944,1012.685303,0.324556,4.950875
Upper Gulf Offshore,2019-03-01,29.33194,1010.79718,-0.080132,5.262769
Upper Gulf Offshore,2019-04-01,30.588287,1009.019714,-0.201472,4.986501
Upper Gulf Offshore,2019-05-01,31.135651,1007.681885,1.988597,2.225703
Upper Gulf Offshore,2019-06-01,30.559235,1007.512512,2.842363,3.275602
Upper Gulf Offshore,2019-07-01,29.926178,1008.016235,2.981941,2.322957
Upper Gulf Offshore,2019-08-01,29.447906,1007.184082,4.681261,3.118845
Upper Gulf Offshore,2019-09-01,29.19278,1010.019348,2.199953,0.764016
Upper Gulf Offshore,2019-10-01,30.216705,1010.435913,-0.819035,-0.383482
Upper Gulf Offshore,2019-11-01,29.528229,1011.181274,-1.172007,-2.390429
Upper Gulf Offshore,2019-12-01,27.881012,1013.089661,-1.185208,-2.601061
Upper Gulf Offshore,2020-01-01,28.411774,1012.100647,0.346773,2.134187
Upper Gulf Offshore,2020-02-01,28.565826,1013.030945,-0.099815,2.329943
Upper Gulf Offshore,2020-03-01,29.21817,1010.575623,-0.086175,5.555717
Upper Gulf Offshore,2020-04-01,30.268707,1010.82312,-0.240436,3.904461
Upper Gulf Offshore,2020-05-01,31.050446,1008.525024,0.648351,4.098936
Upper Gulf Offshore,2020-06-01,30.796783,1007.893433,2.545245,3.208251
Upper Gulf Offshore,2020-07-01,30.487457,1007.616272,1.844409,2.402843
Upper Gulf Offshore,2020-08-01,30.043365,1007.233459,2.817606,2.957254
Upper Gulf Offshore,2020-09-01,29.98526,1008.055603,2.163026,2.567949
Upper Gulf Offshore,2020-10-01,29.229401,1008.23407,1.020568,-2.229853
Upper Gulf Offshore,2020-11-01,28.802399,1011.571533,-1.780405,-4.339413
Upper Gulf Offshore,2020-12-01,27.757477,1011.845642,-1.246549,-4.431152
Upper Gulf Offshore,2021-01-01,26.660309,1012.250305,-0.893837,-2.528273
Upper Gulf Offshore,2021-02-01,27.570465,1011.626587,0.047803,1.918719
Upper Gulf Offshore,2021-03-01,28.768951,1010.362183,0.259671,4.314984
Upper Gulf Offshore,2021-04-01,30.101959,1009.668457,0.417977,2.410439
Upper Gulf Offshore,2021-05-01,30.877594,1008.08783,1.331194,2.951677
Upper Gulf Offshore,2021-06-01,30.480621,1008.187805,3.394882,2.970887
Upper Gulf Offshore,2021-07-01,30.044586,1007.283142,3.516531,2.955839
Upper Gulf Offshore,2021-08-01,29.654938,1008.430603,2.890053,2.982604
Upper Gulf Offshore,2021-09-01,29.572662,1008.327515,2.365172,1.711094
Upper Gulf Offshore,2021-10-01,29.579987,1009.145325,0.829025,-0.521841
Upper Gulf Offshore,2021-11-01,29.229156,1010.344666,-1.956813,-3.821548
Upper Gulf Offshore,2021-12-01,27.324615,1013.35437,-1.2468,-4.96723
Upper Gulf Offshore,2022-01-01,27.854156,1012.034058,0.471906,0.657235
Upper Gulf Offshore,2022-02-01,28.598785,1010.961243,-0.557131,0.640048
Upper Gulf Offshore,2022-03-01,29.303131,1009.191895,-0.062529,3.5719
Upper Gulf Offshore,2022-04-01,29.920319,1009.039978,-0.771358,0.948141
Upper Gulf Offshore,2022-05-01,30.147369,1007.391846,1.53019,1.776751
Upper Gulf Offshore,2022-06-01,30.162506,1007.646545,1.962519,2.667485
Upper Gulf Offshore,2022-07-01,30.030914,1006.606262,3.116115,2.882445
Upper Gulf Offshore,2022-08-01,29.83609,1007.341248,2.732872,2.818126
Upper Gulf Offshore,2022-09-01,29.884186,1008.13031,2.685206,1.549538
Upper Gulf Offshore,2022-10-01,29.254791,1010.282471,-1.227221,-2.499887
Upper Gulf Offshore,2022-11-01,28.863922,1010.22998,-0.496737,-2.068879
Upper Gulf Offshore,2022-12-01,28.185455,1011.751221,-1.798135,-4.621343
Upper Gulf Offshore,2023-01-01,27.010162,1012.358154,-0.83656,-4.050101
Upper Gulf Offshore,2023-02-01,27.417389,1011.837158,-0.056231,0.190178
Upper Gulf Offshore,2023-03-01,28.412262,1011.337158,0.188529,3.332514
Upper Gulf Offshore,2023-04-01,30.103424,1008.28656,-0.032511,4.036465
Upper Gulf Offshore,2023-05-01,31.03775,1007.977783,1.173652,2.761569
Upper Gulf Offshore,2023-06-01,30.30899,1007.511902,3.143579,3.305632
Upper Gulf Offshore,2023-07-01,30.195953,1007.789062,3.521938,2.553608
Upper Gulf Offshore,2023-08-01,29.669342,1008.25592,3.683019,2.895762
Upper Gulf Offshore,2023-09-01,29.671295,1008.14093,2.991065,2.364846
Upper Gulf Offshore,2023-10-01,30.042877,1010.930603,0.524965,-0.96119
Upper Gulf Offshore,2023-11-01,29.637848,1012.038147,-1.51897,-4.261778
Upper Gulf Offshore,2023-12-01,28.910553,1012.771851,-0.970863,-3.910412
Upper Gulf Offshore,2024-01-01,28.487701,1012.938721,0.282229,-0.717794
Upper Gulf Offshore,2024-02-01,28.93985,1012.898132,0.198996,3.683504
Upper Gulf Offshore,2024-03-01,29.716461,1011.165955,0.110755,5.001514
Upper Gulf Offshore,2024-04-01,30.770416,1007.903137,0.027737,5.65535
Upper Gulf Offshore,2024-05-01,31.387115,1007.746887,0.650563,3.305981
Upper Gulf Offshore,2024-06-01,30.487457,1007.894714,3.024207,3.200121
Upper Gulf Offshore,2024-07-01,29.884674,1007.196533,3.194842,3.0292
Upper Gulf Offshore,2024-08-01,30.159821,1008.512512,1.794487,1.778951
Upper Gulf Offshore,2024-09-01,30.069,1007.12561,3.080772,1.905205
Upper Gulf Offshore,2024-10-01,30.306061,1009.698425,0.1867,-0.431393
Upper Gulf Offshore,2024-11-01,29.878571,1010.636902,-2.255311,-3.952329
Upper Gulf Offshore,2024-12-01,28.238434,1011.518433,-1.649426,-5.297817
Phetchaburi Bangkawe,1993-01-01,26.822083,1012.835327,-0.659163,0.322337
Phetchaburi Bangkawe,1993-02-01,26.893066,1012.729675,-0.523899,2.412847
Phetchaburi Bangkawe,1993-03-01,28.438538,1010.796875,-0.691277,4.032012
Phetchaburi Bangkawe,1993-04-01,29.723206,1009.461243,-0.903199,3.802509
Phetchaburi Bangkawe,1993-05-01,30.611877,1008.160339,-0.411196,4.043194
Phetchaburi Bangkawe,1993-06-01,30.69928,1007.394714,1.453225,2.30792
Phetchaburi Bangkawe,1993-07-01,30.389069,1006.608765,2.471432,2.258493
Phetchaburi Bangkawe,1993-08-01,29.94635,1008.365601,2.411863,2.288112
Phetchaburi Bangkawe,1993-09-01,29.65918,1008.759705,1.449403,1.311303
Phetchaburi Bangkawe,1993-10-01,29.078918,1011.549683,-0.885489,-1.095228
Phetchaburi Bangkawe,1993-11-01,28.67691,1011.185608,-0.720831,-2.128429
Phetchaburi Bangkawe,1993-12-01,27.342926,1013.383423,-1.055655,-3.793065
Phetchaburi Bangkawe,1994-01-01,26.478027,1011.694702,-0.440959,1.13131
Phetchaburi Bangkawe,1994-02-01,28.026184,1009.780945,-0.845893,4.016568
Phetchaburi Bangkawe,1994-03-01,28.79303,1011.164368,-0.787856,2.854077
Phetchaburi Bangkawe,1994-04-01,30.275879,1008.301575,-0.775548,3.788222
Phetchaburi Bangkawe,1994-05-01,30.479309,1007.006592,0.70705,2.386537
Phetchaburi Bangkawe,1994-06-01,30.22998,1006.13623,2.275665,3.03819
Phetchaburi Bangkawe,1994-07-01,29.49176,1006.340027,2.95893,2.622067
Phetchaburi Bangkawe,1994-08-01,29.116211,1007.506897,2.257433,2.354103
Phetchaburi Bangkawe,1994-09-01,29.035156,1008.58783,1.481714,1.281246
Phetchaburi Bangkawe,1994-10-01,29.117188,1011.591858,-0.485447,-1.272258
Phetchaburi Bangkawe,1994-11-01,27.997559,1012.57373,-1.614743,-2.748545
Phetchaburi Bangkawe,1994-12-01,27.797852,1012.807495,-0.833854,-1.528939
Phetchaburi Bangkawe,1995-01-01,27.094147,1013.142212,-0.920507,0.229904
Phetchaburi Bangkawe,1995-02-01,27.577301,1012.150024,-1.368032,2.736366
Phetchaburi Bangkawe,1995-03-01,28.908203,1009.920288,-0.879616,4.469315
Phetchaburi Bangkawe,1995-04-01,30.346924,1008.682495,-0.91523,4.851659
Phetchaburi Bangkawe,1995-05-01,30.830627,1007.746887,0.03378,2.992104
Phetchaburi Bangkawe,1995-06-01,30.269684,1006.55719,1.716774,2.658035
Phetchaburi Bangkawe,1995-07-01,29.241211,1006.710938,1.260605,2.770802
Phetchaburi Bangkawe,1995-08-01,28.819977,1006.854675,1.134957,2.507127
Phetchaburi Bangkawe,1995-09-01,28.803955,1008.27533,0.91438,0.993228
Phetchaburi Bangkawe,1995-10-01,28.945068,1009.240295,0.33651,-1.807248
Phetchaburi Bangkawe,1995-11-01,28.31192,1011.15155,-0.703537,-2.913898
Phetchaburi Bangkawe,1995-12-01,26.638184,1014.026855,-0.673949,-3.409975
Phetchaburi Bangkawe,1996-01-01,25.931641,1011.49469,-0.213506,0.7419
Phetchaburi Bangkawe,1996-02-01,26.702545,1011.751587,-1.11121,0.114516
Phetchaburi Bangkawe,1996-03-01,28.082184,1009.271545,-0.880889,4.709947
Phetchaburi Bangkawe,1996-04-01,29.711243,1008.156555,-0.747687,3.367962
Phetchaburi Bangkawe,1996-05-01,30.147614,1007.874084,0.524301,2.147535
Phetchaburi Bangkawe,1996-06-01,30.659973,1007.812195,0.591546,2.380746
Phetchaburi Bangkawe,1996-07-01,30.642242,1006.865601,1.636394,3.361609
Phetchaburi Bangkawe,1996-08-01,30.019928,1007.664673,1.479538,2.114336
Phetchaburi Bangkawe,1996-09-01,29.702698,1006.514404,1.277806,1.271123
Phetchaburi Bangkawe,1996-10-01,29.533691,1009.715637,-0.049943,-1.095984
Phetchaburi Bangkawe,1996-11-01,28.668945,1010.091858,-0.16224,-2.057888
Phetchaburi Bangkawe,1996-12-01,26.865234,1012.911865,0.055428,-3.332366
Phetchaburi Bangkawe,1997-01-01,26.333405,1012.79126,-0.219052,0.575866
Phetchaburi Bangkawe,1997-02-01,27.806396,1010.331848,-0.678407,2.734404
Phetchaburi Bangkawe,1997-03-01,28.976135,1011.104065,-0.615293,4.006413
Phetchaburi Bangkawe,1997-04-01,30.304199,1010.05658,-0.486738,3.113158
Phetchaburi Bangkawe,1997-05-01,30.732178,1007.530945,1.271487,3.25584
Phetchaburi Bangkawe,1997-06-01,30.350891,1007.602478,1.598819,2.625644
Phetchaburi Bangkawe,1997-07-01,29.432037,1007.348755,2.560812,2.682128
Phetchaburi Bangkawe,1997-08-01,29.097565,1007.653442,2.773583,2.357121
Phetchaburi Bangkawe,1997-09-01,29.868073,1010.434692,0.349439,1.17589
Phetchaburi Bangkawe,1997-10-01,30.023346,1012.312195,-0.418848,-0.334523
Phetchaburi Bangkawe,1997-11-01,29.162109,1012.65625,-0.41246,-1.112311
Phetchaburi Bangkawe,1997-12-01,28.661926,1012.998108,-0.774422,-0.893463
Phetchaburi Bangkawe,1998-01-01,28.644531,1012.347839,-0.173337,1.836226
Phetchaburi Bangkawe,1998-02-01,29.179443,1012.225647,-0.495852,4.417048
Phetchaburi Bangkawe,1998-03-01,29.840485,1010.605286,-0.631048,4.732231
Phetchaburi Bangkawe,1998-04-01,30.661194,1009.409363,-0.981634,4.915241
Phetchaburi Bangkawe,1998-05-01,31.347229,1007.704041,0.015844,3.631521
Phetchaburi Bangkawe,1998-06-01,30.339752,1006.822815,1.133403,2.545557
Phetchaburi Bangkawe,1998-07-01,30.543121,1007.440613,0.796473,2.526165
Phetchaburi Bangkawe,1998-08-01,30.505676,1008.321533,1.005859,2.231028
Phetchaburi Bangkawe,1998-09-01,30.097321,1008.054077,1.168901,0.894584
Phetchaburi Bangkawe,1998-10-01,29.846741,1009.10498,-0.391582,-0.418055
Phetchaburi Bangkawe,1998-11-01,28.777588,1009.980957,-0.189686,-2.73768
Phetchaburi Bangkawe,1998-12-01,26.906311,1012.219666,-0.86019,-3.087726
Phetchaburi Bangkawe,1999-01-01,26.685852,1010.49469,-0.543101,-1.022133
Phetchaburi Bangkawe,1999-02-01,27.976135,1012.090942,-0.785878,0.550117
Phetchaburi Bangkawe,1999-03-01,28.915039,1006.633728,-0.799607,3.540844
Phetchaburi Bangkawe,1999-04-01,30.001617,1007.256226,0.142824,2.101918
Phetchaburi Bangkawe,1999-05-01,29.835693,1007.691223,0.820053,2.122106
Phetchaburi Bangkawe,1999-06-01,29.260803,1007.141235,1.855433,2.036124
Phetchaburi Bangkawe,1999-07-01,29.012756,1006.03656,2.071219,2.388
Phetchaburi Bangkawe,1999-08-01,28.527405,1007.958435,1.522443,2.177195
Phetchaburi Bangkawe,1999-09-01,29.212799,1008.014709,0.916254,1.374075
Phetchaburi Bangkawe,1999-10-01,29.539551,1009.520935,-0.748439,-0.180942
Phetchaburi Bangkawe,1999-11-01,28.571289,1010.829712,-0.248953,-2.890419
Phetchaburi Bangkawe,1999-12-01,25.872131,1013.409668,-0.741842,-4.832557
Phetchaburi Bangkawe,2000-01-01,26.272034,1011.4422,-0.519855,0.021717
Phetchaburi Bangkawe,2000-02-01,26.68219,1010.271851,-0.38091,1.048367
Phetchaburi Bangkawe,2000-03-01,28.705811,1008.919983,-0.609994,2.358432
Phetchaburi Bangkawe,2000-04-01,29.7547,1007.794067,-0.445934,2.992806
Phetchaburi Bangkawe,2000-05-01,30.105469,1007.062195,1.253889,2.088778
Phetchaburi Bangkawe,2000-06-01,29.468323,1007.039368,1.152044,2.131415
Phetchaburi Bangkawe,2000-07-01,29.161621,1005.995605,1.684062,2.027923
Phetchaburi Bangkawe,2000-08-01,29.417633,1006.61438,2.143637,1.789408
Phetchaburi Bangkawe,2000-09-01,29.012115,1008.540649,0.689465,1.428674
Phetchaburi Bangkawe,2000-10-01,29.312744,1008.529358,0.253515,-0.041943
Phetchaburi Bangkawe,2000-11-01,28.056152,1010.680603,-1.067726,-3.328419
Phetchaburi Bangkawe,2000-12-01,27.775391,1010.860596,-0.770805,-2.536528
Phetchaburi Bangkawe,2001-01-01,27.185303,1010.100952,-0.529905,1.287401
Phetchaburi Bangkawe,2001-02-01,28.054504,1009.653748,-0.967027,2.108912
Phetchaburi Bangkawe,2001-03-01,28.974426,1009.339661,-0.527287,1.57312
Phetchaburi Bangkawe,2001-04-01,30.637604,1008.243103,-0.481138,3.720488
Phetchaburi Bangkawe,2001-05-01,31.020416,1007.10968,1.506838,2.881201
Phetchaburi Bangkawe,2001-06-01,30.605865,1006.633118,2.492398,1.761261
Phetchaburi Bangkawe,2001-07-01,29.759186,1006.558105,2.01531,2.447371
Phetchaburi Bangkawe,2001-08-01,29.669678,1006.690918,2.688908,1.556025
Phetchaburi Bangkawe,2001-09-01,30.095703,1008.168762,1.056605,1.110744
Phetchaburi Bangkawe,2001-10-01,30.010651,1009.715637,-0.170146,-0.655745
Phetchaburi Bangkawe,2001-11-01,28.304016,1012.44873,-0.987868,-3.434537
Phetchaburi Bangkawe,2001-12-01,26.93335,1013.762817,-0.667516,-2.687271
Phetchaburi Bangkawe,2002-01-01,25.962646,1012.825012,-0.432549,-0.429678
Phetchaburi Bangkawe,2002-02-01,27.347961,1012.70813,-0.563921,3.709904
Phetchaburi Bangkawe,2002-03-01,28.483398,1009.89502,-0.80678,3.636808
Phetchaburi Bangkawe,2002-04-01,30.17569,1008.424988,-0.898983,4.005061
Phetchaburi Bangkawe,2002-05-01,30.432861,1007.377808,0.833912,3.402757
Phetchaburi Bangkawe,2002-06-01,30.031555,1006.95282,1.828045,2.206352
Phetchaburi Bangkawe,2002-07-01,30.029938,1006.788757,2.823116,2.455004
Phetchaburi Bangkawe,2002-08-01,29.49469,1007.512817,2.552905,1.797157
Phetchaburi Bangkawe,2002-09-01,29.45108,1008.690002,1.896551,1.182266
Phetchaburi Bangkawe,2002-10-01,29.962067,1010.105652,-0.299427,-0.72702
Phetchaburi Bangkawe,2002-11-01,29.239014,1011.540955,-0.467112,-2.366243
Phetchaburi Bangkawe,2002-12-01,28.678711,1012.116882,-0.112223,-1.80644
Phetchaburi Bangkawe,2003-01-01,27.848389,1013.589355,-0.669579,-1.145058
Phetchaburi Bangkawe,2003-02-01,28.091309,1011.541565,-0.747241,1.976721
Phetchaburi Bangkawe,2003-03-01,29.41275,1010.613098,-0.771499,2.411169
Phetchaburi Bangkawe,2003-04-01,30.667145,1008.639709,-0.866586,3.766418
Phetchaburi Bangkawe,2003-05-01,30.920898,1007.054382,1.456784,2.060386
Phetchaburi Bangkawe,2003-06-01,30.375061,1007.22876,1.335425,1.914261
Phetchaburi Bangkawe,2003-07-01,30.297424,1007.775635,1.54274,1.704677
Phetchaburi Bangkawe,2003-08-01,29.811279,1007.055908,2.315162,1.735731
Phetchaburi Bangkawe,2003-09-01,29.509338,1008.04126,1.501345,1.045636
Phetchaburi Bangkawe,2003-10-01,29.43277,1010.392212,-0.799864,-1.185453
Phetchaburi Bangkawe,2003-11-01,29.108215,1011.320923,-0.335211,-1.48497
Phetchaburi Bangkawe,2003-12-01,26.849365,1013.608459,-0.840575,-3.158557
Phetchaburi Bangkawe,2004-01-01,26.697021,1012.241577,-0.164625,0.129559
Phetchaburi Bangkawe,2004-02-01,27.346191,1011.69751,-0.725452,1.889948
Phetchaburi Bangkawe,2004-03-01,28.729248,1009.65033,-0.963383,3.66215
Phetchaburi Bangkawe,2004-04-01,30.718903,1008.41217,-0.764853,4.204082
Phetchaburi Bangkawe,2004-05-01,30.818115,1007.41095,0.824245,2.634316
Phetchaburi Bangkawe,2004-06-01,30.484619,1007.360962,2.226382,1.90958
Phetchaburi Bangkawe,2004-07-01,30.34967,1007.217834,1.610208,1.561429
Phetchaburi Bangkawe,2004-08-01,29.702057,1007.08844,2.355096,1.969992
Phetchaburi Bangkawe,2004-09-01,30.134094,1009.556274,0.540585,1.137482
Phetchaburi Bangkawe,2004-10-01,29.884918,1011.776855,-1.120584,-1.414412
Phetchaburi Bangkawe,2004-11-01,29.176514,1011.830322,-1.13903,-1.60676
Phetchaburi Bangkawe,2004-12-01,27.048096,1012.52533,-0.376889,-2.289286
Phetchaburi Bangkawe,2005-01-01,26.734619,1012.201538,-0.299664,1.377501
Phetchaburi Bangkawe,2005-02-01,28.291412,1011.429077,-0.764563,4.84616
Phetchaburi Bangkawe,2005-03-01,28.552246,1011.467834,-0.999229,3.54652
Phetchaburi Bangkawe,2005-04-01,30.160217,1010.26001,-0.985956,3.377657
Phetchaburi Bangkawe,2005-05-01,30.681213,1006.891846,0.467024,2.785698
Phetchaburi Bangkawe,2005-06-01,30.040283,1005.954346,1.713264,3.200448
Phetchaburi Bangkawe,2005-07-01,29.877502,1007.418152,2.020437,2.04746
Phetchaburi Bangkawe,2005-08-01,29.205566,1007.227173,1.857126,2.22406
Phetchaburi Bangkawe,2005-09-01,29.613678,1008.133728,1.165484,1.620913
Phetchaburi Bangkawe,2005-10-01,29.588928,1010.461243,-0.646336,-1.657744
Phetchaburi Bangkawe,2005-11-01,28.800598,1011.054993,-0.413069,-1.802403
Phetchaburi Bangkawe,2005-12-01,26.749176,1012.186279,-1.207894,-3.251493
Phetchaburi Bangkawe,2006-01-01,26.610016,1011.51532,-0.861912,-0.211822
Phetchaburi Bangkawe,2006-02-01,28.118713,1011.470642,-0.459197,0.906519
Phetchaburi Bangkawe,2006-03-01,29.335693,1009.497803,-0.581296,3.773562
Phetchaburi Bangkawe,2006-04-01,30.542725,1008.582214,-0.604932,3.555889
Phetchaburi Bangkawe,2006-05-01,31.089172,1008.184082,0.579082,2.314039
Phetchaburi Bangkawe,2006-06-01,30.489655,1007.239685,1.255451,1.812889
Phetchaburi Bangkawe,2006-07-01,29.672607,1006.88562,2.512969,2.408347
Phetchaburi Bangkawe,2006-08-01,29.278076,1006.966858,2.719437,1.63524
Phetchaburi Bangkawe,2006-09-01,30.069977,1008.733459,1.256546,1.024548
Phetchaburi Bangkawe,2006-10-01,29.684875,1010.825317,0.176987,-0.513335
Phetchaburi Bangkawe,2006-11-01,29.501709,1010.625,-0.542266,-0.163202
Phetchaburi Bangkawe,2006-12-01,28.245605,1012.565002,-0.774276,-3.126171
Phetchaburi Bangkawe,2007-01-01,26.471924,1013.278442,-0.431566,-1.661224
Phetchaburi Bangkawe,2007-02-01,27.165039,1011.603149,-0.735133,3.068784
Phetchaburi Bangkawe,2007-03-01,29.046143,1009.30188,-0.970822,4.326719
Phetchaburi Bangkawe,2007-04-01,30.53125,1009.530029,-1.03842,3.355467
Phetchaburi Bangkawe,2007-05-01,30.514709,1007.696228,0.678403,2.187853
Phetchaburi Bangkawe,2007-06-01,31.021057,1006.025024,0.825278,2.011827
Phetchaburi Bangkawe,2007-07-01,30.439941,1007.1203,1.921692,2.041971
Phetchaburi Bangkawe,2007-08-01,29.814362,1006.380615,2.315673,1.641721
Phetchaburi Bangkawe,2007-09-01,29.338776,1007.253723,1.250473,1.510014
Phetchaburi Bangkawe,2007-10-01,28.88858,1009.231567,-0.014527,-1.448788
Phetchaburi Bangkawe,2007-11-01,27.811035,1011.271851,-1.774587,-2.995511
Phetchaburi Bangkawe,2007-12-01,26.79541,1010.725342,-0.589234,-1.182531
Phetchaburi Bangkawe,2008-01-01,27.003815,1011.367493,-0.646117,-0.265853
Phetchaburi Bangkawe,2008-02-01,27.75177,1011.544678,-0.82944,1.188453
Phetchaburi Bangkawe,2008-03-01,28.587067,1009.522522,-0.841285,3.123425
Phetchaburi Bangkawe,2008-04-01,30.098297,1007.918152,-0.762056,3.142033
Phetchaburi Bangkawe,2008-05-01,30.147217,1006.61969,1.829932,2.175074
Phetchaburi Bangkawe,2008-06-01,29.794922,1007.071899,1.624194,2.201517
Phetchaburi Bangkawe,2008-07-01,29.401611,1006.994995,1.632431,2.318847
Phetchaburi Bangkawe,2008-08-01,29.563782,1007.140625,1.680619,1.84854
Phetchaburi Bangkawe,2008-09-01,29.428772,1007.727783,1.946609,1.034617
Phetchaburi Bangkawe,2008-10-01,29.677399,1009.453735,-0.527939,-0.715645
Phetchaburi Bangkawe,2008-11-01,28.496002,1011.0625,-1.15833,-3.751546
Phetchaburi Bangkawe,2008-12-01,25.889313,1012.318726,-0.445814,-3.478771
Phetchaburi Bangkawe,2009-01-01,25.459778,1013.672485,-0.75867,-1.955453
Phetchaburi Bangkawe,2009-02-01,27.411194,1009.65686,-0.448749,2.647778
Phetchaburi Bangkawe,2009-03-01,29.129791,1009.617188,-0.842603,3.01007
Phetchaburi Bangkawe,2009-04-01,30.322571,1008.011902,0.412162,1.510979
Phetchaburi Bangkawe,2009-05-01,30.788086,1006.829041,0.320949,1.874019
Phetchaburi Bangkawe,2009-06-01,29.685547,1006.753418,2.345666,2.781967
Phetchaburi Bangkawe,2009-07-01,29.656647,1006.954041,2.59095,1.669217
Phetchaburi Bangkawe,2009-08-01,29.676514,1006.950928,1.478353,1.492664
Phetchaburi Bangkawe,2009-09-01,29.770264,1007.508118,1.965845,0.905417
Phetchaburi Bangkawe,2009-10-01,29.365631,1009.200623,0.502298,-0.2577
Phetchaburi Bangkawe,2009-11-01,28.753326,1011.170959,-0.96245,-2.27942
Phetchaburi Bangkawe,2009-12-01,27.639709,1012.049683,-0.512487,-0.637656
Phetchaburi Bangkawe,2010-01-01,28.054443,1012.48999,-0.797555,0.296083
Phetchaburi Bangkawe,2010-02-01,28.595276,1010.947815,-0.510859,4.665503
Phetchaburi Bangkawe,2010-03-01,29.390869,1010.581238,-0.959577,3.248424
Phetchaburi Bangkawe,2010-04-01,30.589172,1009.243774,-0.954661,4.389627
Phetchaburi Bangkawe,2010-05-01,31.093658,1006.684998,-0.062704,3.534388
Phetchaburi Bangkawe,2010-06-01,30.350891,1007.048096,0.945107,2.441041
Phetchaburi Bangkawe,2010-07-01,30.152344,1007.220947,1.102959,2.237906
Phetchaburi Bangkawe,2010-08-01,29.509827,1007.445618,1.383893,1.981596
Phetchaburi Bangkawe,2010-09-01,29.938141,1008.16217,0.559323,1.001033
Phetchaburi Bangkawe,2010-10-01,29.150543,1008.468445,0.0346,-0.99968
Phetchaburi Bangkawe,2010-11-01,28.09668,1010.365601,-0.445848,-3.500904
Phetchaburi Bangkawe,2010-12-01,27.554443,1009.377808,-0.360613,-1.65212
Phetchaburi Bangkawe,2011-01-01,26.781311,1011.219055,-0.633686,-2.768054
Phetchaburi Bangkawe,2011-02-01,27.578125,1009.969666,-0.579499,2.756138
Phetchaburi Bangkawe,2011-03-01,28.651428,1010.4422,-0.51223,-1.135886
Phetchaburi Bangkawe,2011-04-01,28.847473,1009.415955,-0.689781,2.81008
Phetchaburi Bangkawe,2011-05-01,30.368225,1007.399658,0.442449,2.113836
Phetchaburi Bangkawe,2011-06-01,29.856354,1006.425964,1.78954,2.561423
Phetchaburi Bangkawe,2011-07-01,29.117676,1006.576538,1.878054,2.237923
Phetchaburi Bangkawe,2011-08-01,29.629059,1007.384399,1.781729,1.560858
Phetchaburi Bangkawe,2011-09-01,29.171295,1007.444092,2.205397,1.431824
Phetchaburi Bangkawe,2011-10-01,28.895081,1009.475342,0.039416,-1.547742
Phetchaburi Bangkawe,2011-11-01,28.962402,1010.172485,-0.0732,-3.196734
Phetchaburi Bangkawe,2011-12-01,26.865875,1012.077209,-0.79562,-4.043057
Phetchaburi Bangkawe,2012-01-01,27.060791,1010.925598,-0.453561,0.17397
Phetchaburi Bangkawe,2012-02-01,28.352448,1009.310608,-0.779788,2.792724
Phetchaburi Bangkawe,2012-03-01,29.505524,1009.049988,-0.753134,2.711303
Phetchaburi Bangkawe,2012-04-01,30.342346,1008.43158,-0.34392,2.809031
Phetchaburi Bangkawe,2012-05-01,30.41095,1005.917175,1.515008,2.345987
Phetchaburi Bangkawe,2012-06-01,29.598938,1006.080933,2.808634,2.515059
Phetchaburi Bangkawe,2012-07-01,29.115295,1006.664368,2.09166,2.153258
Phetchaburi Bangkawe,2012-08-01,28.979065,1007.471863,2.386685,1.62415
Phetchaburi Bangkawe,2012-09-01,29.128174,1008.389709,1.404695,0.529202
Phetchaburi Bangkawe,2012-10-01,30.158203,1010.09375,0.22227,-0.680738
Phetchaburi Bangkawe,2012-11-01,29.44165,1010.16095,-0.061097,0.035315
Phetchaburi Bangkawe,2012-12-01,29.319153,1010.574707,-0.021268,-1.390131
Phetchaburi Bangkawe,2013-01-01,28.098633,1012.306274,-0.5768,0.081301
Phetchaburi Bangkawe,2013-02-01,28.54361,1010.703735,-0.306937,1.073119
Phetchaburi Bangkawe,2013-03-01,29.485413,1010.213745,-0.785369,3.379574
Phetchaburi Bangkawe,2013-04-01,30.449371,1007.927185,-0.417616,3.106218
Phetchaburi Bangkawe,2013-05-01,30.973389,1007.255005,0.285358,2.365494
Phetchaburi Bangkawe,2013-06-01,30.151764,1005.795654,1.514366,1.996808
Phetchaburi Bangkawe,2013-07-01,29.446594,1006.606873,2.133134,1.792202
Phetchaburi Bangkawe,2013-08-01,29.195129,1007.213135,2.029878,1.931167
Phetchaburi Bangkawe,2013-09-01,29.307129,1007.871582,1.219986,1.376532
Phetchaburi Bangkawe,2013-10-01,29.228912,1010.545654,0.085814,-0.885369
Phetchaburi Bangkawe,2013-11-01,28.759827,1010.740601,-0.700143,-2.686572
Phetchaburi Bangkawe,2013-12-01,26.661377,1012.85376,-0.103696,-3.42188
Phetchaburi Bangkawe,2014-01-01,25.525879,1014.293762,-0.506764,-1.880695
Phetchaburi Bangkawe,2014-02-01,26.754944,1010.983459,-0.636195,3.705223
Phetchaburi Bangkawe,2014-03-01,28.579742,1010.914368,-0.694514,4.452305
Phetchaburi Bangkawe,2014-04-01,30.246643,1009.085327,-0.840688,3.645597
Phetchaburi Bangkawe,2014-05-01,31.177307,1008.029663,0.232439,2.292655
Phetchaburi Bangkawe,2014-06-01,30.506744,1005.818726,2.052108,2.980208
Phetchaburi Bangkawe,2014-07-01,29.934723,1006.905029,2.260552,2.428137
Phetchaburi Bangkawe,2014-08-01,29.645752,1008.315613,1.339239,1.975874
Phetchaburi Bangkawe,2014-09-01,29.561432,1008.70813,1.171021,1.47904
Phetchaburi Bangkawe,2014-10-01,29.63916,1010.678101,-0.576333,-1.294333
Phetchaburi Bangkawe,2014-11-01,29.547607,1011.030334,-0.100511,-1.618941
Phetchaburi Bangkawe,2014-12-01,27.796387,1012.670288,-0.781198,-3.49582
Phetchaburi Bangkawe,2015-01-01,26.191223,1013.604065,0.216167,-1.245584
Phetchaburi Bangkawe,2015-02-01,27.473633,1012.401855,-0.479782,2.617297
Phetchaburi Bangkawe,2015-03-01,28.977692,1011.520935,-0.836077,3.821043
Phetchaburi Bangkawe,2015-04-01,30.107178,1009.79718,-0.788248,2.460555
Phetchaburi Bangkawe,2015-05-01,30.576569,1008.076233,0.906719,2.657082
Phetchaburi Bangkawe,2015-06-01,30.415344,1007.716858,1.345858,2.241206
Phetchaburi Bangkawe,2015-07-01,29.838531,1007.517822,2.253536,2.778474
Phetchaburi Bangkawe,2015-08-01,29.578369,1008.142212,2.064252,1.816898
Phetchaburi Bangkawe,2015-09-01,29.510498,1008.981873,1.597628,1.170717
Phetchaburi Bangkawe,2015-10-01,29.823975,1011.47345,-0.180522,-0.240485
Phetchaburi Bangkawe,2015-11-01,29.977783,1011.233765,-0.936701,-1.461228
Phetchaburi Bangkawe,2015-12-01,28.976227,1013.154358,-0.687418,-1.472968
Phetchaburi Bangkawe,2016-01-01,28.455231,1013.039062,-0.438896,0.986556
Phetchaburi Bangkawe,2016-02-01,27.406311,1013.802185,-1.37475,0.01793
Phetchaburi Bangkawe,2016-03-01,28.89209,1011.385925,-0.94459,4.124303
Phetchaburi Bangkawe,2016-04-01,30.426178,1008.721863,-0.827304,4.684406
Phetchaburi Bangkawe,2016-05-01,31.267883,1007.606873,0.441685,3.568587
Phetchaburi Bangkawe,2016-06-01,30.445862,1008.106262,1.467872,2.504275
Phetchaburi Bangkawe,2016-07-01,29.88623,1007.838135,1.107149,2.312366
Phetchaburi Bangkawe,2016-08-01,29.849854,1006.360596,2.429229,1.855292
Phetchaburi Bangkawe,2016-09-01,29.525879,1007.69281,1.457596,0.798334
Phetchaburi Bangkawe,2016-10-01,29.513977,1008.331848,0.774383,-0.283697
Phetchaburi Bangkawe,2016-11-01,29.477783,1010.620911,-0.547188,-2.100261
Phetchaburi Bangkawe,2016-12-01,28.012268,1011.700623,-0.601739,-3.76746
Phetchaburi Bangkawe,2017-01-01,27.375153,1011.611877,-0.074477,-2.303422
Phetchaburi Bangkawe,2017-02-01,27.795715,1012.373779,-0.496575,0.013497
Phetchaburi Bangkawe,2017-03-01,29.299225,1010.20282,-0.709106,3.679075
Phetchaburi Bangkawe,2017-04-01,30.282471,1009.46283,-0.568796,2.810304
Phetchaburi Bangkawe,2017-05-01,30.970032,1007.782166,-0.050529,2.906621
Phetchaburi Bangkawe,2017-06-01,30.484283,1007.542786,1.571959,2.005498
Phetchaburi Bangkawe,2017-07-01,29.765778,1007.559998,2.35203,1.898839
Phetchaburi Bangkawe,2017-08-01,29.899658,1007.273743,1.600621,1.948728
Phetchaburi Bangkawe,2017-09-01,30.454102,1008.29248,0.761102,1.387566
Phetchaburi Bangkawe,2017-10-01,30.071106,1009.407166,0.135619,-0.794527
Phetchaburi Bangkawe,2017-11-01,28.720123,1010.108154,-0.627975,-3.293333
Phetchaburi Bangkawe,2017-12-01,27.216461,1012.68158,-0.896748,-3.50321
Phetchaburi Bangkawe,2018-01-01,26.806793,1010.41687,-0.377087,-0.233712
Phetchaburi Bangkawe,2018-02-01,27.572998,1012.285339,-1.010186,1.496058
Phetchaburi Bangkawe,2018-03-01,29.182617,1010.159363,-0.751225,3.101938
Phetchaburi Bangkawe,2018-04-01,30.021973,1009.621277,-0.703673,2.368207
Phetchaburi Bangkawe,2018-05-01,30.857086,1008.896545,-0.070985,2.353703
Phetchaburi Bangkawe,2018-06-01,30.480621,1007.297791,2.199116,2.498464
Phetchaburi Bangkawe,2018-07-01,29.830322,1006.0672,3.163849,1.988206
Phetchaburi Bangkawe,2018-08-01,29.374908,1006.63562,2.651245,2.597576
Phetchaburi Bangkawe,2018-09-01,29.407135,1008.55658,1.262611,0.790198
Phetchaburi Bangkawe,2018-10-01,30.003723,1011.221252,-0.678685,-0.348799
Phetchaburi Bangkawe,2018-11-01,29.312988,1011.606567,0.098585,-1.911603
Phetchaburi Bangkawe,2018-12-01,28.755188,1011.90094,-0.301126,-2.287398
Phetchaburi Bangkawe,2019-01-01,27.829834,1013.128113,-0.184323,-1.323305
Phetchaburi Bangkawe,2019-02-01,28.540192,1012.478149,-0.506742,4.316598
Phetchaburi Bangkawe,2019-03-01,29.391266,1010.570312,-0.706352,4.425366
Phetchaburi Bangkawe,2019-04-01,30.926666,1008.789673,-0.832332,4.367482
Phetchaburi Bangkawe,2019-05-01,31.259766,1007.505005,1.144114,1.67126
Phetchaburi Bangkawe,2019-06-01,30.465576,1007.277527,1.452471,2.418913
Phetchaburi Bangkawe,2019-07-01,30.006744,1007.822815,1.989632,1.671102
Phetchaburi Bangkawe,2019-08-01,29.604004,1006.86908,2.888903,2.270823
Phetchaburi Bangkawe,2019-09-01,29.427399,1009.939392,1.174562,0.239968
Phetchaburi Bangkawe,2019-10-01,30.25592,1010.490967,-0.785587,-0.374693
Phetchaburi Bangkawe,2019-11-01,29.272705,1011.350647,-0.911509,-1.812792
Phetchaburi Bangkawe,2019-12-01,27.204987,1013.307495,-0.853299,-1.770128
Phetchaburi Bangkawe,2020-01-01,28.247467,1012.043152,-0.235502,1.596711
Phetchaburi Bangkawe,2020-02-01,28.28009,1012.990295,-0.689903,1.905016
Phetchaburi Bangkawe,2020-03-01,29.227936,1010.31781,-0.920037,4.885551
Phetchaburi Bangkawe,2020-04-01,30.401764,1010.647217,-0.797198,3.742474
Phetchaburi Bangkawe,2020-05-01,31.288879,1008.336548,-0.244716,3.269102
Phetchaburi Bangkawe,2020-06-01,30.924469,1007.685303,1.212115,2.29956
Phetchaburi Bangkawe,2020-07-01,30.631256,1007.460632,0.901782,1.771252
Phetchaburi Bangkawe,2020-08-01,30.031067,1007.017822,1.559549,2.222513
Phetchaburi Bangkawe,2020-09-01,29.873779,1007.891541,1.072206,1.868608
Phetchaburi Bangkawe,2020-10-01,29.266846,1008.36969,0.68048,-1.899164
Phetchaburi Bangkawe,2020-11-01,28.69458,1011.85907,-0.869272,-3.195126
Phetchaburi Bangkawe,2020-12-01,27.357666,1012.131897,-0.608121,-3.113281
Phetchaburi Bangkawe,2021-01-01,26.157227,1012.446899,-0.774452,-1.577955
Phetchaburi Bangkawe,2021-02-01,27.571289,1011.577515,-0.571704,1.510638
Phetchaburi Bangkawe,2021-03-01,28.965729,1010.175598,-0.654757,3.911054
Phetchaburi Bangkawe,2021-04-01,30.422119,1009.580017,-0.159049,1.86332
Phetchaburi Bangkawe,2021-05-01,31.16983,1007.913147,0.462908,2.360125
Phetchaburi Bangkawe,2021-06-01,30.74176,1007.954712,2.132065,2.14618
Phetchaburi Bangkawe,2021-07-01,30.178528,1007.04187,2.028738,2.239042
Phetchaburi Bangkawe,2021-08-01,29.583496,1008.206848,1.542397,2.253112
Phetchaburi Bangkawe,2021-09-01,29.466217,1008.209351,1.192809,1.257603
Phetchaburi Bangkawe,2021-10-01,29.425446,1009.174377,0.387009,-0.42626
Phetchaburi Bangkawe,2021-11-01,29.109283,1010.617798,-0.923366,-2.849625
Phetchaburi Bangkawe,2021-12-01,26.95694,1013.700317,-0.441136,-3.535955
Phetchaburi Bangkawe,2022-01-01,27.730225,1012.045288,0.167951,0.700936
Phetchaburi Bangkawe,2022-02-01,28.636719,1011.01123,-0.481936,0.66141
Phetchaburi Bangkawe,2022-03-01,29.591461,1009.060303,-0.696318,3.015382
Phetchaburi Bangkawe,2022-04-01,30.070068,1009.027161,-1.076777,0.855612
Phetchaburi Bangkawe,2022-05-01,30.455139,1007.275024,0.648842,1.376482
Phetchaburi Bangkawe,2022-06-01,30.344147,1007.49469,0.958979,1.974614
Phetchaburi Bangkawe,2022-07-01,30.21817,1006.390625,1.716823,2.096557
Phetchaburi Bangkawe,2022-08-01,29.900879,1007.139404,1.444664,2.11317
Phetchaburi Bangkawe,2022-09-01,29.88678,1008.000916,1.446925,0.958351
Phetchaburi Bangkawe,2022-10-01,29.328674,1010.459717,-0.577929,-1.933725
Phetchaburi Bangkawe,2022-11-01,28.744537,1010.375,-0.018954,-1.35843
Phetchaburi Bangkawe,2022-12-01,27.698639,1012.071899,-0.653848,-3.320317
Phetchaburi Bangkawe,2023-01-01,26.624176,1012.633423,-0.441785,-2.746512
Phetchaburi Bangkawe,2023-02-01,27.240234,1011.878723,-0.378496,0.173943
Phetchaburi Bangkawe,2023-03-01,28.406403,1011.20343,-0.401559,2.682245
Phetchaburi Bangkawe,2023-04-01,30.350342,1008.076904,-0.718302,3.316006
Phetchaburi Bangkawe,2023-05-01,31.24942,1007.786865,0.39643,2.123019
Phetchaburi Bangkawe,2023-06-01,30.459137,1007.263428,1.778589,2.180632
Phetchaburi Bangkawe,2023-07-01,30.26236,1007.558411,2.358242,1.724262
Phetchaburi Bangkawe,2023-08-01,29.907471,1007.997192,2.483068,1.946422
Phetchaburi Bangkawe,2023-09-01,30.054596,1007.939087,1.718726,1.544778
Phetchaburi Bangkawe,2023-10-01,30.069092,1010.985596,0.452822,-0.787118
Phetchaburi Bangkawe,2023-11-01,29.312408,1012.3125,-0.626759,-3.016905
Phetchaburi Bangkawe,2023-12-01,28.650696,1013.025635,-0.464516,-2.743176
Phetchaburi Bangkawe,2024-01-01,28.27774,1013.02063,0.086673,-0.662497
Phetchaburi Bangkawe,2024-02-01,28.865051,1012.756226,-0.507059,3.174959
Phetchaburi Bangkawe,2024-03-01,29.793457,1010.938416,-0.654504,4.270924
Phetchaburi Bangkawe,2024-04-01,30.964355,1007.632507,-0.811863,4.608109
Phetchaburi Bangkawe,2024-05-01,31.442871,1007.595642,-0.045604,2.799755
Phetchaburi Bangkawe,2024-06-01,30.79126,1007.65564,1.820472,2.26494
Phetchaburi Bangkawe,2024-07-01,29.837555,1006.979675,1.62807,2.319605
Phetchaburi Bangkawe,2024-08-01,30.219482,1008.405334,0.967216,1.375875
Phetchaburi Bangkawe,2024-09-01,30.044678,1006.965332,1.78109,1.135796
Phetchaburi Bangkawe,2024-10-01,30.400391,1009.737183,-0.009467,-0.474483
Phetchaburi Bangkawe,2024-11-01,29.705475,1010.909668,-1.348207,-2.989926
Phetchaburi Bangkawe,2024-12-01,27.701324,1011.84845,-0.924573,-3.456631
